date;user;nbWrite;nbRead;txWrite;txRead
12 Feb 2009 11:33:55 GMT;tdelille;1;5;0.16666666666666666;0.8333333333333334
12 Feb 2009 12:16:59 GMT;tdelille;0;6;0.0;1.0
12 Feb 2009 12:47:28 GMT;ddaniaupotter;1;7;0.125;0.875
12 Feb 2009 14:31:13 GMT;tdelille;1;10;0.09090909090909091;0.9090909090909091
12 Feb 2009 15:55:39 GMT;ddaniaupotter;1;3;0.25;0.75
12 Feb 2009 16:14:23 GMT;tdelille;1;4;0.2;0.8
13 Feb 2009 02:45:03 GMT;gachort;1;10;0.09090909090909091;0.9090909090909091
13 Feb 2009 03:08:25 GMT;madeth;0;3;0.0;1.0
13 Feb 2009 03:09:10 GMT;admin;0;1;0.0;1.0
13 Feb 2009 03:10:40 GMT;mmay;0;7;0.0;1.0
13 Feb 2009 03:27:36 GMT;mmay;2;8;0.2;0.8
13 Feb 2009 03:45:00 GMT;admin;2;5;0.2857142857142857;0.7142857142857143
13 Feb 2009 05:43:52 GMT;ddaniaupotter;5;4;0.5555555555555556;0.4444444444444444
13 Feb 2009 06:18:40 GMT;madeth;0;2;0.0;1.0
13 Feb 2009 06:19:10 GMT;mmay;0;10;0.0;1.0
13 Feb 2009 07:06:56 GMT;gachort;5;25;0.16666666666666666;0.8333333333333334
13 Feb 2009 10:24:04 GMT;cdejean;2;12;0.14285714285714285;0.8571428571428571
13 Feb 2009 10:53:49 GMT;mmay;0;7;0.0;1.0
13 Feb 2009 13:42:03 GMT;ddaniaupotter;0;6;0.0;1.0
13 Feb 2009 14:21:40 GMT;gachort;1;10;0.09090909090909091;0.9090909090909091
13 Feb 2009 17:12:40 GMT;tdelille;8;36;0.18181818181818182;0.8181818181818182
13 Feb 2009 18:09:59 GMT;tdelille;2;12;0.14285714285714285;0.8571428571428571
13 Feb 2009 18:29:59 GMT;tdelille;2;2;0.5;0.5
14 Feb 2009 01:45:54 GMT;gachort;0;14;0.0;1.0
14 Feb 2009 02:24:33 GMT;mmay;3;18;0.14285714285714285;0.8571428571428571
14 Feb 2009 02:34:31 GMT;tdelille;2;36;0.05263157894736842;0.9473684210526315
14 Feb 2009 07:26:38 GMT;tdelille;2;4;0.3333333333333333;0.6666666666666666
14 Feb 2009 07:56:20 GMT;gachort;2;12;0.14285714285714285;0.8571428571428571
14 Feb 2009 10:29:26 GMT;tdelille;0;6;0.0;1.0
14 Feb 2009 11:17:50 GMT;gachort;0;6;0.0;1.0
14 Feb 2009 16:06:20 GMT;tdelille;0;2;0.0;1.0
14 Feb 2009 19:28:59 GMT;gachort;0;1;0.0;1.0
15 Feb 2009 08:49:19 GMT;gachort;0;3;0.0;1.0
15 Feb 2009 10:14:53 GMT;fdarriet;0;0;0.0;0.0
15 Feb 2009 10:15:15 GMT;fdarriet;0;0;0.0;0.0
15 Feb 2009 10:53:29 GMT;mmay;1;8;0.1111111111111111;0.8888888888888888
15 Feb 2009 13:15:00 GMT;mwollenburger;3;35;0.07894736842105263;0.9210526315789473
15 Feb 2009 14:39:58 GMT;gachort;2;30;0.0625;0.9375
15 Feb 2009 22:36:53 GMT;tdelille;0;7;0.0;1.0
16 Feb 2009 00:09:00 GMT;gachort;0;1;0.0;1.0
16 Feb 2009 00:09:05 GMT;gachort;0;8;0.0;1.0
16 Feb 2009 02:29:36 GMT;tsoubrie;5;28;0.15151515151515152;0.8484848484848485
16 Feb 2009 06:53:15 GMT;mmay;0;10;0.0;1.0
16 Feb 2009 07:10:26 GMT;gachort;0;6;0.0;1.0
16 Feb 2009 08:02:04 GMT;tdelille;4;13;0.23529411764705882;0.7647058823529411
16 Feb 2009 11:24:54 GMT;tdelille;5;19;0.20833333333333334;0.7916666666666666
16 Feb 2009 12:28:08 GMT;tdelille;4;13;0.23529411764705882;0.7647058823529411
16 Feb 2009 13:20:13 GMT;tdelille;6;18;0.25;0.75
16 Feb 2009 13:31:59 GMT;sebastien;2;28;0.06666666666666667;0.9333333333333333
16 Feb 2009 13:41:37 GMT;gachort;3;16;0.15789473684210525;0.8421052631578947
16 Feb 2009 14:01:40 GMT;gachort;0;0;0.0;0.0
16 Feb 2009 14:03:36 GMT;ddaniaupotter;0;12;0.0;1.0
16 Feb 2009 14:31:44 GMT;mmay;0;2;0.0;1.0
16 Feb 2009 14:41:52 GMT;tdelille;2;5;0.2857142857142857;0.7142857142857143
16 Feb 2009 14:50:46 GMT;mmay;1;10;0.09090909090909091;0.9090909090909091
16 Feb 2009 15:08:16 GMT;mmay;1;5;0.16666666666666666;0.8333333333333334
16 Feb 2009 16:02:24 GMT;tdelille;6;16;0.2727272727272727;0.7272727272727273
16 Feb 2009 16:14:50 GMT;tdelille;7;35;0.16666666666666666;0.8333333333333334
16 Feb 2009 16:29:53 GMT;tdelille;5;4;0.5555555555555556;0.4444444444444444
16 Feb 2009 17:47:05 GMT;tdelille;0;3;0.0;1.0
16 Feb 2009 18:06:06 GMT;tdelille;0;9;0.0;1.0
16 Feb 2009 18:24:05 GMT;tdelille;2;3;0.4;0.6
16 Feb 2009 18:43:36 GMT;fdarriet;1;4;0.2;0.8
17 Feb 2009 00:03:11 GMT;gachort;0;4;0.0;1.0
17 Feb 2009 00:12:45 GMT;ddaniaupotter;0;13;0.0;1.0
17 Feb 2009 00:20:52 GMT;mmay;0;14;0.0;1.0
17 Feb 2009 00:48:01 GMT;tdelille;0;5;0.0;1.0
17 Feb 2009 01:27:00 GMT;ddaniaupotter;0;3;0.0;1.0
17 Feb 2009 03:30:40 GMT;gachort;1;4;0.2;0.8
17 Feb 2009 04:34:47 GMT;mmay;0;3;0.0;1.0
17 Feb 2009 06:12:21 GMT;mmay;0;9;0.0;1.0
17 Feb 2009 06:46:34 GMT;gachort;0;5;0.0;1.0
17 Feb 2009 07:07:35 GMT;admin;0;0;0.0;0.0
17 Feb 2009 07:26:27 GMT;admin;0;22;0.0;1.0
17 Feb 2009 07:33:27 GMT;mmay;1;17;0.05555555555555555;0.9444444444444444
17 Feb 2009 07:59:09 GMT;admin;1;7;0.125;0.875
17 Feb 2009 08:34:34 GMT;fdarriet;0;5;0.0;1.0
17 Feb 2009 08:40:13 GMT;mmay;0;8;0.0;1.0
17 Feb 2009 09:48:29 GMT;tdelille;10;48;0.1724137931034483;0.8275862068965517
17 Feb 2009 11:09:42 GMT;gachort;1;2;0.3333333333333333;0.6666666666666666
17 Feb 2009 11:12:34 GMT;mmay;0;0;0.0;0.0
17 Feb 2009 11:12:34 GMT;tdelille;1;15;0.0625;0.9375
17 Feb 2009 11:19:56 GMT;tdelille;22;93;0.19130434782608696;0.808695652173913
17 Feb 2009 12:43:43 GMT;mmay;3;19;0.13636363636363635;0.8636363636363636
17 Feb 2009 13:49:14 GMT;tdelille;2;4;0.3333333333333333;0.6666666666666666
17 Feb 2009 14:09:09 GMT;gachort;15;106;0.12396694214876033;0.8760330578512396
17 Feb 2009 16:02:30 GMT;gachort;29;145;0.16666666666666666;0.8333333333333334
18 Feb 2009 00:36:07 GMT;gachort;0;1;0.0;1.0
18 Feb 2009 00:36:10 GMT;gachort;0;5;0.0;1.0
18 Feb 2009 01:43:47 GMT;ddaniaupotter;1;20;0.047619047619047616;0.9523809523809523
18 Feb 2009 03:22:10 GMT;mmay;0;10;0.0;1.0
18 Feb 2009 03:30:59 GMT;tdelille;4;18;0.18181818181818182;0.8181818181818182
18 Feb 2009 06:55:16 GMT;gachort;1;9;0.1;0.9
18 Feb 2009 09:27:16 GMT;mmay;0;4;0.0;1.0
18 Feb 2009 09:48:19 GMT;tdelille;0;4;0.0;1.0
18 Feb 2009 10:23:18 GMT;tdelille;3;4;0.42857142857142855;0.5714285714285714
18 Feb 2009 10:34:06 GMT;tdelille;2;2;0.5;0.5
18 Feb 2009 10:43:56 GMT;gachort;0;1;0.0;1.0
18 Feb 2009 10:44:01 GMT;gachort;2;6;0.25;0.75
18 Feb 2009 12:06:57 GMT;tdelille;2;2;0.5;0.5
18 Feb 2009 12:27:25 GMT;tdelille;0;1;0.0;1.0
18 Feb 2009 13:00:12 GMT;gachort;1;5;0.16666666666666666;0.8333333333333334
18 Feb 2009 15:30:32 GMT;tdelille;0;3;0.0;1.0
18 Feb 2009 15:36:17 GMT;gachort;4;20;0.16666666666666666;0.8333333333333334
18 Feb 2009 17:02:16 GMT;tdelille;4;6;0.4;0.6
18 Feb 2009 17:14:47 GMT;ddaniaupotter;0;1;0.0;1.0
18 Feb 2009 21:06:47 GMT;tdelille;2;22;0.08333333333333333;0.9166666666666666
19 Feb 2009 02:29:33 GMT;ddaniaupotter;0;5;0.0;1.0
19 Feb 2009 02:44:33 GMT;mmay;0;3;0.0;1.0
19 Feb 2009 06:48:45 GMT;mmay;0;13;0.0;1.0
19 Feb 2009 06:53:01 GMT;fdarriet;0;1;0.0;1.0
19 Feb 2009 08:06:55 GMT;mgodwod;0;5;0.0;1.0
19 Feb 2009 11:26:33 GMT;tdelille;2;9;0.18181818181818182;0.8181818181818182
19 Feb 2009 12:32:00 GMT;mmay;0;22;0.0;1.0
19 Feb 2009 14:18:23 GMT;jvasseur;1;25;0.038461538461538464;0.9615384615384616
19 Feb 2009 14:31:42 GMT;mmay;0;2;0.0;1.0
19 Feb 2009 14:51:33 GMT;gachort;0;13;0.0;1.0
19 Feb 2009 15:54:07 GMT;mwollenburger;0;26;0.0;1.0
19 Feb 2009 20:33:01 GMT;fdarriet;1;4;0.2;0.8
19 Feb 2009 21:25:50 GMT;tdelille;2;3;0.4;0.6
20 Feb 2009 00:28:09 GMT;gachort;0;3;0.0;1.0
20 Feb 2009 02:06:39 GMT;mdanet;0;1;0.0;1.0
20 Feb 2009 02:49:32 GMT;mmay;0;2;0.0;1.0
20 Feb 2009 03:21:59 GMT;ddaniaupotter;1;3;0.25;0.75
20 Feb 2009 04:53:46 GMT;cdejean;0;9;0.0;1.0
20 Feb 2009 05:16:04 GMT;jvasseur;0;7;0.0;1.0
20 Feb 2009 05:55:17 GMT;psalam;0;4;0.0;1.0
20 Feb 2009 08:25:25 GMT;gachort;0;1;0.0;1.0
20 Feb 2009 08:25:29 GMT;gachort;0;6;0.0;1.0
20 Feb 2009 09:05:20 GMT;tdelille;1;12;0.07692307692307693;0.9230769230769231
20 Feb 2009 15:26:20 GMT;tdelille;0;2;0.0;1.0
20 Feb 2009 15:30:06 GMT;gachort;2;4;0.3333333333333333;0.6666666666666666
20 Feb 2009 17:24:12 GMT;mwollenburger;0;3;0.0;1.0
20 Feb 2009 20:01:18 GMT;tdelille;0;13;0.0;1.0
20 Feb 2009 20:13:29 GMT;tdelille;1;1;0.5;0.5
21 Feb 2009 02:19:50 GMT;gachort;0;3;0.0;1.0
21 Feb 2009 02:27:07 GMT;jvasseur;0;3;0.0;1.0
21 Feb 2009 05:09:15 GMT;gachort;4;13;0.23529411764705882;0.7647058823529411
21 Feb 2009 09:28:48 GMT;tdelille;2;5;0.2857142857142857;0.7142857142857143
21 Feb 2009 11:25:22 GMT;tdelille;3;10;0.23076923076923078;0.7692307692307693
21 Feb 2009 15:22:39 GMT;mwollenburger;0;0;0.0;0.0
21 Feb 2009 15:22:59 GMT;mwollenburger;0;0;0.0;0.0
21 Feb 2009 15:23:25 GMT;mwollenburger;0;0;0.0;0.0
21 Feb 2009 15:24:04 GMT;mwollenburger;0;0;0.0;0.0
21 Feb 2009 15:24:37 GMT;mwollenburger;0;0;0.0;0.0
21 Feb 2009 15:25:08 GMT;mwollenburger;0;0;0.0;0.0
21 Feb 2009 15:25:17 GMT;mwollenburger;0;0;0.0;0.0
21 Feb 2009 15:27:04 GMT;mwollenburger;0;0;0.0;0.0
21 Feb 2009 15:27:24 GMT;mwollenburger;0;0;0.0;0.0
21 Feb 2009 15:28:13 GMT;mwollenburger;0;0;0.0;0.0
21 Feb 2009 15:28:35 GMT;mwollenburger;0;0;0.0;0.0
21 Feb 2009 15:32:39 GMT;mwollenburger;0;0;0.0;0.0
21 Feb 2009 15:33:02 GMT;mwollenburger;0;0;0.0;0.0
21 Feb 2009 15:33:31 GMT;mwollenburger;2;27;0.06896551724137931;0.9310344827586207
21 Feb 2009 16:22:37 GMT;guest;0;3;0.0;1.0
21 Feb 2009 16:23:13 GMT;tdelille;4;22;0.15384615384615385;0.8461538461538461
21 Feb 2009 18:13:19 GMT;tdelille;0;6;0.0;1.0
21 Feb 2009 18:19:22 GMT;psalam;0;2;0.0;1.0
21 Feb 2009 18:23:14 GMT;psalam;6;22;0.21428571428571427;0.7857142857142857
21 Feb 2009 18:37:57 GMT;tdelille;1;11;0.08333333333333333;0.9166666666666666
22 Feb 2009 00:19:47 GMT;tdelille;1;10;0.09090909090909091;0.9090909090909091
22 Feb 2009 00:44:41 GMT;tdelille;2;2;0.5;0.5
22 Feb 2009 01:39:54 GMT;tdelille;1;1;0.5;0.5
22 Feb 2009 01:45:50 GMT;ddaniaupotter;2;9;0.18181818181818182;0.8181818181818182
22 Feb 2009 01:52:19 GMT;tdelille;2;16;0.1111111111111111;0.8888888888888888
22 Feb 2009 02:50:30 GMT;mwollenburger;2;28;0.06666666666666667;0.9333333333333333
22 Feb 2009 03:34:58 GMT;ddaniaupotter;2;21;0.08695652173913043;0.9130434782608695
22 Feb 2009 09:12:47 GMT;mmay;4;13;0.23529411764705882;0.7647058823529411
22 Feb 2009 09:43:33 GMT;tdelille;3;23;0.11538461538461539;0.8846153846153846
22 Feb 2009 15:32:03 GMT;tdelille;2;10;0.16666666666666666;0.8333333333333334
21 Feb 2009 23:18:11 GMT;tdelille;3;3;0.5;0.5
23 Feb 2009 00:30:03 GMT;gachort;0;18;0.0;1.0
23 Feb 2009 00:38:50 GMT;ddaniaupotter;0;25;0.0;1.0
23 Feb 2009 02:24:40 GMT;gachort;0;2;0.0;1.0
23 Feb 2009 02:46:09 GMT;gachort;0;8;0.0;1.0
23 Feb 2009 03:12:37 GMT;mmay;1;32;0.030303030303030304;0.9696969696969697
23 Feb 2009 06:28:36 GMT;ddaniaupotter;1;40;0.024390243902439025;0.975609756097561
23 Feb 2009 06:43:53 GMT;gachort;3;17;0.15;0.85
23 Feb 2009 07:17:47 GMT;tdelille;0;8;0.0;1.0
23 Feb 2009 08:40:09 GMT;cdejean;0;2;0.0;1.0
23 Feb 2009 08:41:20 GMT;tdelille;1;20;0.047619047619047616;0.9523809523809523
23 Feb 2009 10:00:13 GMT;fdarriet;0;2;0.0;1.0
23 Feb 2009 10:00:29 GMT;tdelille;2;27;0.06896551724137931;0.9310344827586207
23 Feb 2009 11:02:36 GMT;gachort;0;1;0.0;1.0
23 Feb 2009 11:02:40 GMT;gachort;3;23;0.11538461538461539;0.8846153846153846
23 Feb 2009 11:32:31 GMT;tdelille;3;20;0.13043478260869565;0.8695652173913043
23 Feb 2009 12:29:08 GMT;tdelille;2;14;0.125;0.875
23 Feb 2009 13:51:08 GMT;mwollenburger;2;25;0.07407407407407407;0.9259259259259259
23 Feb 2009 14:15:24 GMT;mmay;0;1;0.0;1.0
23 Feb 2009 14:24:25 GMT;gachort;0;10;0.0;1.0
23 Feb 2009 14:28:02 GMT;tdelille;2;7;0.2222222222222222;0.7777777777777778
23 Feb 2009 14:52:24 GMT;tdelille;2;2;0.5;0.5
23 Feb 2009 15:27:34 GMT;jvasseur;0;3;0.0;1.0
23 Feb 2009 15:33:47 GMT;gachort;2;7;0.2222222222222222;0.7777777777777778
23 Feb 2009 15:42:56 GMT;tdelille;17;91;0.1574074074074074;0.8425925925925926
23 Feb 2009 16:29:45 GMT;tdelille;0;4;0.0;1.0
23 Feb 2009 16:30:26 GMT;mmay;6;12;0.3333333333333333;0.6666666666666666
23 Feb 2009 17:05:02 GMT;admin;7;13;0.35;0.65
23 Feb 2009 22:32:36 GMT;tdelille;1;1;0.5;0.5
24 Feb 2009 00:19:37 GMT;gachort;4;24;0.14285714285714285;0.8571428571428571
24 Feb 2009 00:52:28 GMT;ddaniaupotter;3;36;0.07692307692307693;0.9230769230769231
24 Feb 2009 04:52:34 GMT;mgodwod;0;7;0.0;1.0
24 Feb 2009 05:03:01 GMT;admin;0;1;0.0;1.0
24 Feb 2009 06:27:02 GMT;gachort;0;11;0.0;1.0
24 Feb 2009 06:34:59 GMT;mmay;3;6;0.3333333333333333;0.6666666666666666
24 Feb 2009 07:04:37 GMT;mmay;0;16;0.0;1.0
24 Feb 2009 07:38:35 GMT;tdelille;2;15;0.11764705882352941;0.8823529411764706
24 Feb 2009 08:09:53 GMT;tdelille;3;4;0.42857142857142855;0.5714285714285714
24 Feb 2009 09:57:20 GMT;cevanen;0;21;0.0;1.0
24 Feb 2009 11:22:05 GMT;mdanet;1;16;0.058823529411764705;0.9411764705882353
24 Feb 2009 11:55:07 GMT;tdelille;0;2;0.0;1.0
24 Feb 2009 11:57:05 GMT;gachort;2;14;0.125;0.875
24 Feb 2009 12:33:28 GMT;tdelille;0;17;0.0;1.0
24 Feb 2009 14:07:32 GMT;tsoubrie;0;30;0.0;1.0
24 Feb 2009 14:31:36 GMT;tdelille;8;58;0.12121212121212122;0.8787878787878788
24 Feb 2009 14:59:17 GMT;gachort;12;116;0.09375;0.90625
24 Feb 2009 16:30:48 GMT;mwollenburger;0;12;0.0;1.0
24 Feb 2009 16:43:07 GMT;mmay;2;22;0.08333333333333333;0.9166666666666666
24 Feb 2009 18:04:46 GMT;tdelille;0;2;0.0;1.0
24 Feb 2009 19:27:38 GMT;fdarriet;1;11;0.08333333333333333;0.9166666666666666
25 Feb 2009 00:32:19 GMT;gachort;2;6;0.25;0.75
25 Feb 2009 00:41:55 GMT;ddaniaupotter;0;4;0.0;1.0
25 Feb 2009 00:50:09 GMT;tdelille;2;8;0.2;0.8
25 Feb 2009 03:13:48 GMT;cdejean;1;10;0.09090909090909091;0.9090909090909091
25 Feb 2009 03:25:15 GMT;mmay;0;16;0.0;1.0
25 Feb 2009 04:27:27 GMT;psalam;0;2;0.0;1.0
25 Feb 2009 04:37:56 GMT;psalam;0;1;0.0;1.0
25 Feb 2009 06:17:39 GMT;mdanet;1;7;0.125;0.875
25 Feb 2009 06:41:27 GMT;tdelille;2;11;0.15384615384615385;0.8461538461538461
25 Feb 2009 07:40:33 GMT;fdarriet;0;8;0.0;1.0
25 Feb 2009 09:46:23 GMT;cevanen;0;1;0.0;1.0
25 Feb 2009 09:56:55 GMT;cevanen;0;0;0.0;0.0
25 Feb 2009 09:57:05 GMT;cevanen;2;16;0.1111111111111111;0.8888888888888888
25 Feb 2009 12:25:00 GMT;tdelille;0;13;0.0;1.0
25 Feb 2009 12:55:04 GMT;mwollenburger;1;21;0.045454545454545456;0.9545454545454546
25 Feb 2009 13:34:51 GMT;gachort;1;7;0.125;0.875
25 Feb 2009 13:37:58 GMT;tdelille;3;33;0.08333333333333333;0.9166666666666666
25 Feb 2009 13:56:15 GMT;jvasseur;3;8;0.2727272727272727;0.7272727272727273
25 Feb 2009 14:05:28 GMT;gachort;0;15;0.0;1.0
25 Feb 2009 14:15:00 GMT;fdarriet;0;7;0.0;1.0
25 Feb 2009 14:55:42 GMT;cevanen;0;3;0.0;1.0
25 Feb 2009 14:57:20 GMT;tdelille;0;7;0.0;1.0
25 Feb 2009 15:01:44 GMT;cevanen;0;1;0.0;1.0
25 Feb 2009 15:09:26 GMT;cevanen;0;2;0.0;1.0
25 Feb 2009 15:16:55 GMT;cfroger;4;70;0.05405405405405406;0.9459459459459459
25 Feb 2009 15:40:00 GMT;mmay;3;26;0.10344827586206896;0.896551724137931
25 Feb 2009 15:48:28 GMT;tdelille;3;12;0.2;0.8
25 Feb 2009 15:53:37 GMT;mwollenburger;5;40;0.1111111111111111;0.8888888888888888
25 Feb 2009 19:03:03 GMT;tdelille;3;4;0.42857142857142855;0.5714285714285714
25 Feb 2009 20:22:47 GMT;tdelille;2;7;0.2222222222222222;0.7777777777777778
25 Feb 2009 20:31:47 GMT;mdanet;0;1;0.0;1.0
25 Feb 2009 20:31:50 GMT;mdanet;0;3;0.0;1.0
26 Feb 2009 00:35:29 GMT;gachort;2;16;0.1111111111111111;0.8888888888888888
26 Feb 2009 03:52:02 GMT;adebeuckelaere;1;10;0.09090909090909091;0.9090909090909091
26 Feb 2009 04:49:59 GMT;mmay;0;2;0.0;1.0
26 Feb 2009 05:29:46 GMT;ddaniaupotter;0;7;0.0;1.0
26 Feb 2009 07:32:28 GMT;adebeuckelaere;0;1;0.0;1.0
26 Feb 2009 07:34:46 GMT;cfroger;0;7;0.0;1.0
26 Feb 2009 07:43:00 GMT;tdelille;0;7;0.0;1.0
26 Feb 2009 08:32:58 GMT;cevanen;0;2;0.0;1.0
26 Feb 2009 08:41:31 GMT;cevanen;1;1;0.5;0.5
26 Feb 2009 08:51:57 GMT;mmay;2;19;0.09523809523809523;0.9047619047619048
26 Feb 2009 14:22:07 GMT;mwollenburger;1;14;0.06666666666666667;0.9333333333333333
26 Feb 2009 16:08:01 GMT;gachort;0;8;0.0;1.0
26 Feb 2009 16:16:51 GMT;mmay;0;2;0.0;1.0
26 Feb 2009 16:22:40 GMT;ddaniaupotter;1;4;0.2;0.8
26 Feb 2009 17:19:36 GMT;cevanen;0;3;0.0;1.0
26 Feb 2009 17:33:18 GMT;cevanen;0;3;0.0;1.0
26 Feb 2009 18:09:26 GMT;psalam;4;12;0.25;0.75
26 Feb 2009 18:25:49 GMT;tdelille;2;3;0.4;0.6
26 Feb 2009 20:25:17 GMT;tdelille;1;1;0.5;0.5
25 Feb 2009 23:16:53 GMT;mwollenburger;1;2;0.3333333333333333;0.6666666666666666
25 Feb 2009 23:25:13 GMT;tdelille;0;2;0.0;1.0
27 Feb 2009 00:33:55 GMT;gachort;6;23;0.20689655172413793;0.7931034482758621
27 Feb 2009 02:13:18 GMT;tsoubrie;0;19;0.0;1.0
27 Feb 2009 02:20:55 GMT;jvasseur;0;13;0.0;1.0
27 Feb 2009 02:34:32 GMT;mmay;1;17;0.05555555555555555;0.9444444444444444
27 Feb 2009 03:46:04 GMT;ddaniaupotter;0;9;0.0;1.0
27 Feb 2009 03:54:00 GMT;cfroger;1;9;0.1;0.9
27 Feb 2009 04:02:40 GMT;adebeuckelaere;4;36;0.1;0.9
27 Feb 2009 04:53:05 GMT;admin;0;8;0.0;1.0
27 Feb 2009 06:28:44 GMT;mdanet;0;1;0.0;1.0
27 Feb 2009 06:57:40 GMT;gachort;0;8;0.0;1.0
27 Feb 2009 07:06:39 GMT;cevanen;5;36;0.12195121951219512;0.8780487804878049
27 Feb 2009 07:38:25 GMT;mmay;0;2;0.0;1.0
27 Feb 2009 07:40:54 GMT;cdejean;0;16;0.0;1.0
27 Feb 2009 09:01:07 GMT;gachort;0;3;0.0;1.0
27 Feb 2009 09:02:23 GMT;mmay;0;15;0.0;1.0
27 Feb 2009 09:06:53 GMT;gachort;0;7;0.0;1.0
27 Feb 2009 09:27:17 GMT;psalam;0;14;0.0;1.0
27 Feb 2009 09:58:22 GMT;gachort;4;29;0.12121212121212122;0.8787878787878788
27 Feb 2009 10:44:43 GMT;ddaniaupotter;1;21;0.045454545454545456;0.9545454545454546
27 Feb 2009 12:45:14 GMT;gachort;1;9;0.1;0.9
27 Feb 2009 15:16:46 GMT;mwollenburger;1;8;0.1111111111111111;0.8888888888888888
27 Feb 2009 15:26:14 GMT;ddaniaupotter;1;27;0.03571428571428571;0.9642857142857143
27 Feb 2009 15:58:10 GMT;gachort;5;35;0.125;0.875
27 Feb 2009 16:51:30 GMT;mmay;2;11;0.15384615384615385;0.8461538461538461
27 Feb 2009 19:47:54 GMT;tdelille;0;17;0.0;1.0
27 Feb 2009 20:49:18 GMT;tdelille;5;10;0.3333333333333333;0.6666666666666666
27 Feb 2009 22:43:04 GMT;tdelille;0;3;0.0;1.0
27 Feb 2009 22:50:27 GMT;tdelille;1;16;0.058823529411764705;0.9411764705882353
28 Feb 2009 02:44:05 GMT;mmay;0;14;0.0;1.0
28 Feb 2009 03:01:17 GMT;ddaniaupotter;0;8;0.0;1.0
28 Feb 2009 03:40:00 GMT;gachort;0;10;0.0;1.0
28 Feb 2009 09:33:27 GMT;tdelille;0;11;0.0;1.0
28 Feb 2009 09:56:40 GMT;tdelille;1;1;0.5;0.5
28 Feb 2009 16:21:19 GMT;mwollenburger;0;6;0.0;1.0
28 Feb 2009 17:56:36 GMT;fdarriet;1;6;0.14285714285714285;0.8571428571428571
28 Feb 2009 18:58:51 GMT;tdelille;1;4;0.2;0.8
1 Mar 2009 01:41:35 GMT;mwollenburger;2;24;0.07692307692307693;0.9230769230769231
1 Mar 2009 05:28:45 GMT;jvasseur;0;5;0.0;1.0
1 Mar 2009 05:42:47 GMT;mmay;0;5;0.0;1.0
1 Mar 2009 06:22:18 GMT;ddaniaupotter;0;7;0.0;1.0
1 Mar 2009 07:05:35 GMT;cevanen;0;3;0.0;1.0
1 Mar 2009 07:10:09 GMT;cevanen;6;10;0.375;0.625
1 Mar 2009 09:58:51 GMT;mdanet;3;35;0.07894736842105263;0.9210526315789473
1 Mar 2009 10:34:34 GMT;gachort;9;48;0.15789473684210525;0.8421052631578947
1 Mar 2009 12:07:53 GMT;mgodwod;1;11;0.08333333333333333;0.9166666666666666
1 Mar 2009 13:27:27 GMT;fdarriet;5;53;0.08620689655172414;0.9137931034482759
1 Mar 2009 13:56:02 GMT;jvasseur;11;75;0.12790697674418605;0.872093023255814
1 Mar 2009 16:52:02 GMT;tdelille;1;10;0.09090909090909091;0.9090909090909091
28 Feb 2009 23:26:52 GMT;gachort;0;11;0.0;1.0
2 Mar 2009 00:12:14 GMT;tdelille;4;5;0.4444444444444444;0.5555555555555556
2 Mar 2009 01:42:20 GMT;adebeuckelaere;0;1;0.0;1.0
2 Mar 2009 03:51:21 GMT;admin;1;8;0.1111111111111111;0.8888888888888888
2 Mar 2009 04:25:27 GMT;mmay;3;40;0.06976744186046512;0.9302325581395349
2 Mar 2009 05:19:39 GMT;cdejean;0;18;0.0;1.0
2 Mar 2009 06:17:15 GMT;ddaniaupotter;0;5;0.0;1.0
2 Mar 2009 06:18:02 GMT;mdanet;0;3;0.0;1.0
2 Mar 2009 06:25:37 GMT;gachort;2;10;0.16666666666666666;0.8333333333333334
2 Mar 2009 06:38:41 GMT;admin;2;11;0.15384615384615385;0.8461538461538461
2 Mar 2009 06:58:55 GMT;mmay;2;47;0.04081632653061224;0.9591836734693877
2 Mar 2009 09:21:28 GMT;mmay;2;4;0.3333333333333333;0.6666666666666666
2 Mar 2009 09:37:42 GMT;cevanen;4;18;0.18181818181818182;0.8181818181818182
2 Mar 2009 10:22:43 GMT;admin;0;19;0.0;1.0
2 Mar 2009 10:43:50 GMT;mmay;1;23;0.041666666666666664;0.9583333333333334
2 Mar 2009 10:55:34 GMT;cfroger;0;14;0.0;1.0
2 Mar 2009 11:07:26 GMT;mmay;0;9;0.0;1.0
2 Mar 2009 12:03:55 GMT;shernu;1;32;0.030303030303030304;0.9696969696969697
2 Mar 2009 12:30:07 GMT;mmay;0;3;0.0;1.0
2 Mar 2009 12:55:11 GMT;adebeuckelaere;0;38;0.0;1.0
2 Mar 2009 14:24:29 GMT;xjmechain;0;3;0.0;1.0
2 Mar 2009 14:32:38 GMT;mwollenburger;0;22;0.0;1.0
2 Mar 2009 14:43:33 GMT;gachort;0;22;0.0;1.0
2 Mar 2009 14:59:19 GMT;tdelille;0;9;0.0;1.0
2 Mar 2009 15:01:59 GMT;xjmechain;0;4;0.0;1.0
2 Mar 2009 15:04:39 GMT;cevanen;2;5;0.2857142857142857;0.7142857142857143
2 Mar 2009 15:16:53 GMT;xjmechain;0;9;0.0;1.0
2 Mar 2009 15:28:56 GMT;xjmechain;2;14;0.125;0.875
2 Mar 2009 16:25:55 GMT;tsoubrie;4;8;0.3333333333333333;0.6666666666666666
2 Mar 2009 17:01:30 GMT;ddaniaupotter;4;18;0.18181818181818182;0.8181818181818182
2 Mar 2009 21:00:32 GMT;tdelille;0;6;0.0;1.0
2 Mar 2009 21:16:54 GMT;tdelille;4;8;0.3333333333333333;0.6666666666666666
2 Mar 2009 22:53:59 GMT;fdarriet;1;17;0.05555555555555555;0.9444444444444444
1 Mar 2009 23:39:42 GMT;gachort;0;20;0.0;1.0
1 Mar 2009 23:50:42 GMT;tdelille;0;10;0.0;1.0
3 Mar 2009 01:12:27 GMT;tsoubrie;2;12;0.14285714285714285;0.8571428571428571
3 Mar 2009 02:32:52 GMT;ddaniaupotter;0;19;0.0;1.0
3 Mar 2009 02:54:46 GMT;mwollenburger;0;3;0.0;1.0
3 Mar 2009 03:01:27 GMT;mmay;0;14;0.0;1.0
3 Mar 2009 03:24:58 GMT;tdelille;0;6;0.0;1.0
3 Mar 2009 06:01:50 GMT;mwollenburger;0;2;0.0;1.0
3 Mar 2009 06:46:36 GMT;gachort;0;8;0.0;1.0
3 Mar 2009 08:24:23 GMT;cevanen;5;20;0.2;0.8
3 Mar 2009 08:35:56 GMT;mmay;0;4;0.0;1.0
3 Mar 2009 08:45:15 GMT;cevanen;1;4;0.2;0.8
3 Mar 2009 09:01:07 GMT;cevanen;0;5;0.0;1.0
3 Mar 2009 09:05:29 GMT;cevanen;0;5;0.0;1.0
3 Mar 2009 09:39:29 GMT;cevanen;0;4;0.0;1.0
3 Mar 2009 10:08:57 GMT;cfroger;0;12;0.0;1.0
3 Mar 2009 10:22:53 GMT;psalam;0;6;0.0;1.0
3 Mar 2009 12:22:20 GMT;adebeuckelaere;0;3;0.0;1.0
3 Mar 2009 12:23:26 GMT;mdanet;0;12;0.0;1.0
3 Mar 2009 13:52:14 GMT;tsoubrie;1;15;0.0625;0.9375
3 Mar 2009 14:36:58 GMT;tdelille;0;2;0.0;1.0
3 Mar 2009 14:49:09 GMT;mmay;1;24;0.04;0.96
3 Mar 2009 16:22:39 GMT;ddaniaupotter;1;6;0.14285714285714285;0.8571428571428571
3 Mar 2009 17:51:50 GMT;tdelille;0;3;0.0;1.0
3 Mar 2009 18:18:06 GMT;tdelille;0;2;0.0;1.0
4 Mar 2009 01:14:34 GMT;mwollenburger;1;4;0.2;0.8
4 Mar 2009 01:56:33 GMT;tdelille;0;2;0.0;1.0
4 Mar 2009 02:26:31 GMT;tdelille;2;4;0.3333333333333333;0.6666666666666666
4 Mar 2009 04:35:14 GMT;mmay;0;5;0.0;1.0
4 Mar 2009 05:06:30 GMT;tsoubrie;0;2;0.0;1.0
4 Mar 2009 05:09:38 GMT;ddaniaupotter;1;14;0.06666666666666667;0.9333333333333333
4 Mar 2009 06:37:03 GMT;gachort;1;30;0.03225806451612903;0.967741935483871
4 Mar 2009 09:20:15 GMT;tdelille;0;5;0.0;1.0
4 Mar 2009 11:06:51 GMT;ddaniaupotter;0;3;0.0;1.0
4 Mar 2009 11:16:21 GMT;mwollenburger;0;3;0.0;1.0
4 Mar 2009 11:28:28 GMT;tdelille;1;6;0.14285714285714285;0.8571428571428571
4 Mar 2009 12:39:07 GMT;ddaniaupotter;0;6;0.0;1.0
4 Mar 2009 13:41:17 GMT;psalam;0;6;0.0;1.0
4 Mar 2009 14:41:54 GMT;fdarriet;0;1;0.0;1.0
4 Mar 2009 14:41:57 GMT;fdarriet;0;9;0.0;1.0
4 Mar 2009 14:54:58 GMT;gachort;2;17;0.10526315789473684;0.8947368421052632
4 Mar 2009 15:14:22 GMT;tdelille;0;2;0.0;1.0
4 Mar 2009 15:21:51 GMT;mwollenburger;2;5;0.2857142857142857;0.7142857142857143
4 Mar 2009 15:29:59 GMT;mwollenburger;0;12;0.0;1.0
4 Mar 2009 16:27:45 GMT;gachort;0;1;0.0;1.0
4 Mar 2009 16:27:50 GMT;gachort;0;4;0.0;1.0
4 Mar 2009 16:39:37 GMT;mmay;6;18;0.25;0.75
4 Mar 2009 19:28:11 GMT;mdanet;1;7;0.125;0.875
5 Mar 2009 00:05:18 GMT;gachort;9;20;0.3103448275862069;0.6896551724137931
5 Mar 2009 00:41:14 GMT;gachort;0;2;0.0;1.0
5 Mar 2009 00:48:07 GMT;ddaniaupotter;4;20;0.16666666666666666;0.8333333333333334
5 Mar 2009 02:37:24 GMT;tsoubrie;2;28;0.06666666666666667;0.9333333333333333
5 Mar 2009 10:18:42 GMT;mmay;0;3;0.0;1.0
5 Mar 2009 12:17:56 GMT;shernu;1;7;0.125;0.875
5 Mar 2009 12:41:29 GMT;mwollenburger;0;10;0.0;1.0
5 Mar 2009 13:26:22 GMT;gachort;0;21;0.0;1.0
5 Mar 2009 14:08:17 GMT;tdelille;0;1;0.0;1.0
5 Mar 2009 16:21:02 GMT;tdelille;0;4;0.0;1.0
5 Mar 2009 17:00:05 GMT;cfroger;0;4;0.0;1.0
6 Mar 2009 00:08:01 GMT;gachort;0;10;0.0;1.0
6 Mar 2009 00:59:19 GMT;tdelille;1;1;0.5;0.5
6 Mar 2009 04:11:43 GMT;cevanen;0;3;0.0;1.0
6 Mar 2009 06:49:10 GMT;gachort;0;4;0.0;1.0
6 Mar 2009 07:33:36 GMT;mmay;0;18;0.0;1.0
6 Mar 2009 11:40:32 GMT;ddaniaupotter;0;0;0.0;0.0
6 Mar 2009 11:40:35 GMT;ddaniaupotter;1;5;0.16666666666666666;0.8333333333333334
6 Mar 2009 12:15:20 GMT;tdelille;1;6;0.14285714285714285;0.8571428571428571
6 Mar 2009 12:25:16 GMT;mmay;4;10;0.2857142857142857;0.7142857142857143
6 Mar 2009 12:39:59 GMT;tsoubrie;3;6;0.3333333333333333;0.6666666666666666
6 Mar 2009 13:38:38 GMT;tdelille;3;10;0.23076923076923078;0.7692307692307693
6 Mar 2009 14:30:39 GMT;tdelille;0;2;0.0;1.0
6 Mar 2009 14:41:57 GMT;tdelille;3;4;0.42857142857142855;0.5714285714285714
6 Mar 2009 15:32:31 GMT;mwollenburger;0;3;0.0;1.0
6 Mar 2009 15:37:35 GMT;tdelille;2;4;0.3333333333333333;0.6666666666666666
6 Mar 2009 16:27:28 GMT;tsoubrie;0;3;0.0;1.0
6 Mar 2009 17:55:07 GMT;tdelille;3;4;0.42857142857142855;0.5714285714285714
6 Mar 2009 18:44:11 GMT;jvasseur;0;55;0.0;1.0
5 Mar 2009 23:41:55 GMT;gachort;3;26;0.10344827586206896;0.896551724137931
7 Mar 2009 01:49:29 GMT;tdelille;0;3;0.0;1.0
7 Mar 2009 01:55:41 GMT;mwollenburger;0;2;0.0;1.0
7 Mar 2009 02:00:42 GMT;ddaniaupotter;3;9;0.25;0.75
7 Mar 2009 02:09:49 GMT;gachort;20;32;0.38461538461538464;0.6153846153846154
7 Mar 2009 02:51:59 GMT;tdelille;25;106;0.19083969465648856;0.8091603053435115
7 Mar 2009 05:10:01 GMT;mmay;0;2;0.0;1.0
7 Mar 2009 06:02:32 GMT;gachort;2;22;0.08333333333333333;0.9166666666666666
7 Mar 2009 09:22:53 GMT;gachort;1;6;0.14285714285714285;0.8571428571428571
7 Mar 2009 10:22:17 GMT;mgodwod;0;8;0.0;1.0
7 Mar 2009 10:46:17 GMT;tdelille;0;5;0.0;1.0
7 Mar 2009 11:01:36 GMT;tdelille;0;0;0.0;0.0
7 Mar 2009 12:05:26 GMT;tdelille;0;20;0.0;1.0
7 Mar 2009 12:12:05 GMT;tdelille;0;7;0.0;1.0
7 Mar 2009 16:17:22 GMT;mmay;4;6;0.4;0.6
7 Mar 2009 19:48:32 GMT;tdelille;1;12;0.07692307692307693;0.9230769230769231
7 Mar 2009 20:13:14 GMT;tdelille;1;1;0.5;0.5
8 Mar 2009 03:15:03 GMT;gachort;2;14;0.125;0.875
8 Mar 2009 07:34:47 GMT;gachort;0;2;0.0;1.0
8 Mar 2009 07:48:27 GMT;ddaniaupotter;4;9;0.3076923076923077;0.6923076923076923
8 Mar 2009 10:40:00 GMT;tdelille;0;17;0.0;1.0
8 Mar 2009 12:57:41 GMT;gachort;0;5;0.0;1.0
8 Mar 2009 13:13:27 GMT;mwollenburger;0;2;0.0;1.0
8 Mar 2009 13:20:59 GMT;tdelille;2;2;0.5;0.5
8 Mar 2009 13:37:16 GMT;tdelille;1;2;0.3333333333333333;0.6666666666666666
8 Mar 2009 13:57:30 GMT;tdelille;3;13;0.1875;0.8125
8 Mar 2009 15:06:26 GMT;tdelille;0;3;0.0;1.0
8 Mar 2009 15:11:32 GMT;tdelille;2;5;0.2857142857142857;0.7142857142857143
8 Mar 2009 15:23:31 GMT;tdelille;0;3;0.0;1.0
8 Mar 2009 15:51:26 GMT;tdelille;6;24;0.2;0.8
8 Mar 2009 20:38:27 GMT;tdelille;2;12;0.14285714285714285;0.8571428571428571
9 Mar 2009 01:07:27 GMT;gachort;5;28;0.15151515151515152;0.8484848484848485
9 Mar 2009 02:48:33 GMT;mwollenburger;4;8;0.3333333333333333;0.6666666666666666
9 Mar 2009 03:47:47 GMT;tsoubrie;1;19;0.05;0.95
9 Mar 2009 05:44:44 GMT;mmay;0;11;0.0;1.0
9 Mar 2009 06:43:40 GMT;ddaniaupotter;3;54;0.05263157894736842;0.9473684210526315
9 Mar 2009 07:32:00 GMT;gachort;2;26;0.07142857142857142;0.9285714285714286
9 Mar 2009 07:54:00 GMT;gachort;0;1;0.0;1.0
9 Mar 2009 10:03:36 GMT;fdarriet;2;17;0.10526315789473684;0.8947368421052632
9 Mar 2009 11:07:36 GMT;tdelille;0;9;0.0;1.0
9 Mar 2009 11:12:36 GMT;tdelille;0;2;0.0;1.0
9 Mar 2009 11:48:51 GMT;tdelille;0;14;0.0;1.0
9 Mar 2009 15:50:26 GMT;psalam;0;6;0.0;1.0
9 Mar 2009 15:58:32 GMT;cdejean;1;17;0.05555555555555555;0.9444444444444444
9 Mar 2009 16:18:31 GMT;mmay;0;3;0.0;1.0
9 Mar 2009 16:26:34 GMT;mwollenburger;2;13;0.13333333333333333;0.8666666666666667
9 Mar 2009 16:47:28 GMT;gachort;0;7;0.0;1.0
9 Mar 2009 16:57:22 GMT;ddaniaupotter;2;5;0.2857142857142857;0.7142857142857143
9 Mar 2009 17:09:33 GMT;tdelille;0;29;0.0;1.0
9 Mar 2009 17:19:03 GMT;tdelille;1;2;0.3333333333333333;0.6666666666666666
9 Mar 2009 17:51:04 GMT;gachort;0;2;0.0;1.0
9 Mar 2009 20:46:01 GMT;mdanet;1;4;0.2;0.8
10 Mar 2009 00:28:08 GMT;tdelille;1;1;0.5;0.5
10 Mar 2009 01:14:51 GMT;gachort;2;2;0.5;0.5
10 Mar 2009 01:31:45 GMT;tdelille;2;4;0.3333333333333333;0.6666666666666666
10 Mar 2009 03:35:15 GMT;ddaniaupotter;0;3;0.0;1.0
10 Mar 2009 03:41:01 GMT;mmay;1;4;0.2;0.8
10 Mar 2009 06:05:28 GMT;jvasseur;1;9;0.1;0.9
10 Mar 2009 07:01:57 GMT;mwollenburger;0;7;0.0;1.0
10 Mar 2009 07:07:36 GMT;mmay;1;5;0.16666666666666666;0.8333333333333334
10 Mar 2009 07:25:25 GMT;mwollenburger;0;1;0.0;1.0
10 Mar 2009 08:19:40 GMT;tdelille;0;3;0.0;1.0
10 Mar 2009 09:19:54 GMT;cevanen;0;1;0.0;1.0
10 Mar 2009 11:02:35 GMT;psalam;0;3;0.0;1.0
10 Mar 2009 11:11:09 GMT;fdarriet;0;13;0.0;1.0
10 Mar 2009 11:56:46 GMT;tdelille;0;2;0.0;1.0
10 Mar 2009 12:26:54 GMT;adebeuckelaere;1;9;0.1;0.9
10 Mar 2009 12:55:29 GMT;tdelille;1;13;0.07142857142857142;0.9285714285714286
10 Mar 2009 13:05:10 GMT;mmay;0;3;0.0;1.0
10 Mar 2009 13:44:08 GMT;cevanen;1;2;0.3333333333333333;0.6666666666666666
10 Mar 2009 14:08:57 GMT;gachort;0;16;0.0;1.0
10 Mar 2009 14:22:57 GMT;xjmechain;0;5;0.0;1.0
10 Mar 2009 14:28:10 GMT;mwollenburger;0;4;0.0;1.0
10 Mar 2009 14:29:15 GMT;shernu;0;15;0.0;1.0
10 Mar 2009 15:02:03 GMT;cfroger;0;8;0.0;1.0
10 Mar 2009 15:09:55 GMT;ddaniaupotter;5;17;0.22727272727272727;0.7727272727272727
10 Mar 2009 15:16:57 GMT;tdelille;29;99;0.2265625;0.7734375
10 Mar 2009 16:16:00 GMT;cevanen;15;37;0.28846153846153844;0.7115384615384616
10 Mar 2009 16:33:35 GMT;cevanen;14;42;0.25;0.75
11 Mar 2009 00:37:14 GMT;tdelille;1;1;0.5;0.5
11 Mar 2009 01:30:55 GMT;tdelille;0;0;0.0;0.0
11 Mar 2009 06:40:24 GMT;tsoubrie;0;34;0.0;1.0
11 Mar 2009 07:06:35 GMT;mdanet;0;4;0.0;1.0
11 Mar 2009 07:38:38 GMT;mwollenburger;2;12;0.14285714285714285;0.8571428571428571
11 Mar 2009 07:52:27 GMT;mmay;3;7;0.3;0.7
11 Mar 2009 10:28:11 GMT;tdelille;0;22;0.0;1.0
11 Mar 2009 11:10:33 GMT;fdarriet;0;16;0.0;1.0
11 Mar 2009 12:50:33 GMT;shernu;0;6;0.0;1.0
11 Mar 2009 14:32:34 GMT;mwollenburger;1;8;0.1111111111111111;0.8888888888888888
11 Mar 2009 14:53:47 GMT;tdelille;2;3;0.4;0.6
11 Mar 2009 15:38:39 GMT;ddaniaupotter;1;9;0.1;0.9
11 Mar 2009 18:44:46 GMT;tdelille;2;8;0.2;0.8
11 Mar 2009 22:45:25 GMT;tdelille;2;2;0.5;0.5
12 Mar 2009 03:34:40 GMT;mmay;0;2;0.0;1.0
12 Mar 2009 04:26:10 GMT;tdelille;0;6;0.0;1.0
12 Mar 2009 07:50:26 GMT;tdelille;2;12;0.14285714285714285;0.8571428571428571
12 Mar 2009 09:40:11 GMT;tdelille;1;2;0.3333333333333333;0.6666666666666666
12 Mar 2009 14:20:24 GMT;psalam;0;3;0.0;1.0
12 Mar 2009 16:21:31 GMT;gachort;2;88;0.022222222222222223;0.9777777777777777
12 Mar 2009 17:19:32 GMT;mwollenburger;2;9;0.18181818181818182;0.8181818181818182
12 Mar 2009 17:32:29 GMT;ddaniaupotter;1;23;0.041666666666666664;0.9583333333333334
12 Mar 2009 18:40:10 GMT;tdelille;2;13;0.13333333333333333;0.8666666666666667
12 Mar 2009 18:46:33 GMT;ddaniaupotter;1;3;0.25;0.75
12 Mar 2009 19:46:37 GMT;tdelille;0;4;0.0;1.0
13 Mar 2009 01:28:38 GMT;gachort;0;9;0.0;1.0
13 Mar 2009 02:17:52 GMT;mwollenburger;0;11;0.0;1.0
13 Mar 2009 06:00:05 GMT;adebeuckelaere;1;9;0.1;0.9
13 Mar 2009 07:56:42 GMT;mmay;1;3;0.25;0.75
13 Mar 2009 08:52:18 GMT;cfroger;1;2;0.3333333333333333;0.6666666666666666
13 Mar 2009 11:36:37 GMT;ddaniaupotter;2;5;0.2857142857142857;0.7142857142857143
13 Mar 2009 11:53:17 GMT;tdelille;2;7;0.2222222222222222;0.7777777777777778
13 Mar 2009 12:02:06 GMT;mmay;0;10;0.0;1.0
13 Mar 2009 12:11:04 GMT;fdarriet;1;7;0.125;0.875
13 Mar 2009 12:46:20 GMT;tdelille;2;2;0.5;0.5
13 Mar 2009 13:57:33 GMT;gachort;0;5;0.0;1.0
13 Mar 2009 14:00:03 GMT;mwollenburger;10;26;0.2777777777777778;0.7222222222222222
13 Mar 2009 14:31:34 GMT;tdelille;2;16;0.1111111111111111;0.8888888888888888
13 Mar 2009 14:50:00 GMT;tdelille;6;20;0.23076923076923078;0.7692307692307693
13 Mar 2009 15:15:05 GMT;gachort;0;4;0.0;1.0
13 Mar 2009 15:19:51 GMT;tdelille;6;23;0.20689655172413793;0.7931034482758621
13 Mar 2009 18:11:19 GMT;tdelille;1;1;0.5;0.5
13 Mar 2009 18:54:35 GMT;ddaniaupotter;0;1;0.0;1.0
13 Mar 2009 18:54:38 GMT;ddaniaupotter;0;14;0.0;1.0
13 Mar 2009 22:51:09 GMT;tdelille;0;11;0.0;1.0
14 Mar 2009 01:38:41 GMT;tdelille;2;4;0.3333333333333333;0.6666666666666666
14 Mar 2009 02:34:51 GMT;ddaniaupotter;1;4;0.2;0.8
14 Mar 2009 03:09:25 GMT;tdelille;0;2;0.0;1.0
14 Mar 2009 03:40:45 GMT;tdelille;0;9;0.0;1.0
14 Mar 2009 03:46:26 GMT;mwollenburger;0;2;0.0;1.0
14 Mar 2009 03:49:05 GMT;gachort;2;5;0.2857142857142857;0.7142857142857143
14 Mar 2009 03:54:56 GMT;tdelille;9;10;0.47368421052631576;0.5263157894736842
14 Mar 2009 06:34:46 GMT;gachort;0;5;0.0;1.0
14 Mar 2009 09:07:42 GMT;gachort;0;2;0.0;1.0
14 Mar 2009 09:08:16 GMT;tdelille;1;27;0.03571428571428571;0.9642857142857143
14 Mar 2009 16:26:07 GMT;tdelille;3;10;0.23076923076923078;0.7692307692307693
14 Mar 2009 17:03:39 GMT;gachort;4;6;0.4;0.6
14 Mar 2009 17:30:57 GMT;ddaniaupotter;3;23;0.11538461538461539;0.8846153846153846
15 Mar 2009 01:13:21 GMT;tdelille;1;5;0.16666666666666666;0.8333333333333334
15 Mar 2009 04:05:22 GMT;mwollenburger;2;3;0.4;0.6
15 Mar 2009 04:26:50 GMT;gachort;2;2;0.5;0.5
15 Mar 2009 05:12:46 GMT;tdelille;1;3;0.25;0.75
15 Mar 2009 06:48:25 GMT;mwollenburger;0;2;0.0;1.0
15 Mar 2009 07:23:43 GMT;gachort;0;4;0.0;1.0
15 Mar 2009 09:36:45 GMT;ddaniaupotter;1;15;0.0625;0.9375
15 Mar 2009 10:27:16 GMT;gachort;0;2;0.0;1.0
15 Mar 2009 10:40:23 GMT;tdelille;2;6;0.25;0.75
15 Mar 2009 10:58:22 GMT;jvasseur;0;7;0.0;1.0
15 Mar 2009 11:22:45 GMT;fdarriet;3;11;0.21428571428571427;0.7857142857142857
15 Mar 2009 12:12:59 GMT;gachort;4;17;0.19047619047619047;0.8095238095238095
15 Mar 2009 14:46:06 GMT;ddaniaupotter;0;0;0.0;0.0
15 Mar 2009 14:46:09 GMT;ddaniaupotter;2;6;0.25;0.75
15 Mar 2009 15:43:00 GMT;mmay;0;4;0.0;1.0
15 Mar 2009 15:43:51 GMT;gachort;0;5;0.0;1.0
15 Mar 2009 16:29:56 GMT;tdelille;2;2;0.5;0.5
15 Mar 2009 16:47:38 GMT;gachort;3;24;0.1111111111111111;0.8888888888888888
15 Mar 2009 18:04:41 GMT;tdelille;2;9;0.18181818181818182;0.8181818181818182
16 Mar 2009 00:26:17 GMT;tdelille;2;19;0.09523809523809523;0.9047619047619048
16 Mar 2009 02:16:19 GMT;gachort;0;3;0.0;1.0
16 Mar 2009 02:32:18 GMT;mwollenburger;0;6;0.0;1.0
16 Mar 2009 02:43:23 GMT;ddaniaupotter;4;26;0.13333333333333333;0.8666666666666667
16 Mar 2009 02:58:42 GMT;tsoubrie;4;32;0.1111111111111111;0.8888888888888888
16 Mar 2009 03:33:36 GMT;mmay;0;2;0.0;1.0
16 Mar 2009 03:40:48 GMT;tsoubrie;1;5;0.16666666666666666;0.8333333333333334
16 Mar 2009 03:54:48 GMT;gachort;0;26;0.0;1.0
16 Mar 2009 08:22:31 GMT;mmay;2;2;0.5;0.5
16 Mar 2009 08:33:02 GMT;mdanet;3;23;0.11538461538461539;0.8846153846153846
16 Mar 2009 10:33:41 GMT;fdarriet;0;3;0.0;1.0
16 Mar 2009 10:42:11 GMT;tdelille;1;23;0.041666666666666664;0.9583333333333334
16 Mar 2009 10:54:37 GMT;fdarriet;5;26;0.16129032258064516;0.8387096774193549
16 Mar 2009 11:50:06 GMT;mmay;0;2;0.0;1.0
16 Mar 2009 11:54:06 GMT;mmay;6;29;0.17142857142857143;0.8285714285714286
16 Mar 2009 15:27:07 GMT;fdarriet;0;13;0.0;1.0
16 Mar 2009 15:37:45 GMT;ddaniaupotter;2;15;0.11764705882352941;0.8823529411764706
16 Mar 2009 17:02:27 GMT;gachort;1;7;0.125;0.875
16 Mar 2009 17:12:42 GMT;mwollenburger;0;6;0.0;1.0
15 Mar 2009 23:19:25 GMT;tdelille;4;7;0.36363636363636365;0.6363636363636364
15 Mar 2009 23:38:39 GMT;tdelille;0;2;0.0;1.0
15 Mar 2009 23:47:21 GMT;tdelille;2;4;0.3333333333333333;0.6666666666666666
15 Mar 2009 23:53:56 GMT;tdelille;2;11;0.15384615384615385;0.8461538461538461
17 Mar 2009 01:40:40 GMT;mwollenburger;0;2;0.0;1.0
17 Mar 2009 02:16:46 GMT;gachort;2;19;0.09523809523809523;0.9047619047619048
17 Mar 2009 03:34:27 GMT;mmay;1;5;0.16666666666666666;0.8333333333333334
17 Mar 2009 04:01:42 GMT;tsoubrie;2;12;0.14285714285714285;0.8571428571428571
17 Mar 2009 04:35:41 GMT;tdelille;6;44;0.12;0.88
17 Mar 2009 05:31:29 GMT;gachort;0;17;0.0;1.0
17 Mar 2009 06:04:28 GMT;tdelille;5;12;0.29411764705882354;0.7058823529411765
17 Mar 2009 06:31:41 GMT;adebeuckelaere;0;4;0.0;1.0
17 Mar 2009 06:54:21 GMT;gachort;4;19;0.17391304347826086;0.8260869565217391
17 Mar 2009 07:20:04 GMT;ddaniaupotter;0;12;0.0;1.0
17 Mar 2009 07:50:03 GMT;fdarriet;4;29;0.12121212121212122;0.8787878787878788
17 Mar 2009 08:24:41 GMT;mmay;0;2;0.0;1.0
17 Mar 2009 08:30:25 GMT;tdelille;3;19;0.13636363636363635;0.8636363636363636
17 Mar 2009 09:14:06 GMT;jvasseur;0;15;0.0;1.0
17 Mar 2009 09:22:55 GMT;gachort;0;0;0.0;0.0
17 Mar 2009 09:23:29 GMT;gachort;0;0;0.0;0.0
17 Mar 2009 09:23:39 GMT;gachort;0;0;0.0;0.0
17 Mar 2009 09:23:51 GMT;gachort;0;0;0.0;0.0
17 Mar 2009 09:24:00 GMT;gachort;0;0;0.0;0.0
17 Mar 2009 10:39:18 GMT;mgodwod;0;14;0.0;1.0
17 Mar 2009 10:49:12 GMT;ddaniaupotter;0;0;0.0;0.0
17 Mar 2009 10:49:34 GMT;ddaniaupotter;0;0;0.0;0.0
17 Mar 2009 10:49:44 GMT;ddaniaupotter;0;0;0.0;0.0
17 Mar 2009 10:50:01 GMT;ddaniaupotter;0;0;0.0;0.0
17 Mar 2009 12:15:03 GMT;gachort;0;0;0.0;0.0
17 Mar 2009 12:15:10 GMT;gachort;0;0;0.0;0.0
17 Mar 2009 12:15:52 GMT;gachort;0;0;0.0;0.0
17 Mar 2009 12:19:25 GMT;guest;0;0;0.0;0.0
17 Mar 2009 13:15:41 GMT;cfroger;1;2;0.3333333333333333;0.6666666666666666
17 Mar 2009 13:41:41 GMT;mmay;0;2;0.0;1.0
17 Mar 2009 13:46:17 GMT;shernu;1;6;0.14285714285714285;0.8571428571428571
17 Mar 2009 14:16:05 GMT;mwollenburger;2;5;0.2857142857142857;0.7142857142857143
17 Mar 2009 14:34:37 GMT;tdelille;4;10;0.2857142857142857;0.7142857142857143
17 Mar 2009 14:49:51 GMT;adebeuckelaere;0;13;0.0;1.0
17 Mar 2009 14:56:24 GMT;xjmechain;1;10;0.09090909090909091;0.9090909090909091
17 Mar 2009 15:55:38 GMT;psalam;0;1;0.0;1.0
17 Mar 2009 15:55:43 GMT;shernu;1;3;0.25;0.75
17 Mar 2009 15:57:45 GMT;cevanen;0;17;0.0;1.0
17 Mar 2009 16:37:04 GMT;gachort;1;26;0.037037037037037035;0.9629629629629629
17 Mar 2009 17:04:11 GMT;mwollenburger;0;2;0.0;1.0
17 Mar 2009 17:04:40 GMT;fdarriet;5;74;0.06329113924050633;0.9367088607594937
17 Mar 2009 19:19:10 GMT;tdelille;0;2;0.0;1.0
17 Mar 2009 19:31:21 GMT;tdelille;0;15;0.0;1.0
17 Mar 2009 19:43:57 GMT;tdelille;2;3;0.4;0.6
17 Mar 2009 20:02:10 GMT;tdelille;1;1;0.5;0.5
18 Mar 2009 01:47:00 GMT;tdelille;4;29;0.12121212121212122;0.8787878787878788
18 Mar 2009 02:28:14 GMT;tsoubrie;3;39;0.07142857142857142;0.9285714285714286
18 Mar 2009 02:59:49 GMT;tdelille;0;4;0.0;1.0
18 Mar 2009 03:09:25 GMT;mmay;0;2;0.0;1.0
18 Mar 2009 03:17:04 GMT;tdelille;4;10;0.2857142857142857;0.7142857142857143
18 Mar 2009 03:56:10 GMT;mwollenburger;0;9;0.0;1.0
18 Mar 2009 04:18:00 GMT;gachort;0;3;0.0;1.0
18 Mar 2009 04:19:07 GMT;mwollenburger;7;53;0.11666666666666667;0.8833333333333333
18 Mar 2009 05:39:31 GMT;jvasseur;3;12;0.2;0.8
18 Mar 2009 05:57:50 GMT;ddaniaupotter;4;34;0.10526315789473684;0.8947368421052632
18 Mar 2009 06:19:13 GMT;ntricoit;6;53;0.1016949152542373;0.8983050847457628
18 Mar 2009 07:32:24 GMT;cfroger;1;10;0.09090909090909091;0.9090909090909091
18 Mar 2009 09:09:47 GMT;gachort;0;4;0.0;1.0
18 Mar 2009 09:55:29 GMT;mgodwod;1;52;0.018867924528301886;0.9811320754716981
18 Mar 2009 11:41:35 GMT;gachort;0;9;0.0;1.0
18 Mar 2009 12:00:47 GMT;ddaniaupotter;2;12;0.14285714285714285;0.8571428571428571
18 Mar 2009 12:09:09 GMT;tsoubrie;4;31;0.11428571428571428;0.8857142857142857
18 Mar 2009 13:38:58 GMT;fdarriet;2;2;0.5;0.5
18 Mar 2009 13:41:31 GMT;fdarriet;2;1;0.6666666666666666;0.3333333333333333
18 Mar 2009 13:47:14 GMT;fdarriet;1;17;0.05555555555555555;0.9444444444444444
18 Mar 2009 14:09:21 GMT;mmay;2;2;0.5;0.5
18 Mar 2009 14:34:52 GMT;ddaniaupotter;3;9;0.25;0.75
18 Mar 2009 15:39:36 GMT;gachort;0;13;0.0;1.0
18 Mar 2009 15:49:33 GMT;cdejean;4;41;0.08888888888888889;0.9111111111111111
18 Mar 2009 16:59:25 GMT;tdelille;25;67;0.2717391304347826;0.7282608695652174
18 Mar 2009 20:18:44 GMT;tdelille;1;1;0.5;0.5
18 Mar 2009 20:38:46 GMT;tdelille;0;13;0.0;1.0
18 Mar 2009 21:11:28 GMT;mdanet;1;15;0.0625;0.9375
18 Mar 2009 22:13:40 GMT;fdarriet;0;12;0.0;1.0
19 Mar 2009 01:49:20 GMT;mwollenburger;2;18;0.1;0.9
19 Mar 2009 02:05:02 GMT;tdelille;3;6;0.3333333333333333;0.6666666666666666
19 Mar 2009 03:17:03 GMT;gachort;3;62;0.046153846153846156;0.9538461538461539
19 Mar 2009 03:48:05 GMT;tdelille;5;11;0.3125;0.6875
19 Mar 2009 05:09:23 GMT;gachort;4;21;0.16;0.84
19 Mar 2009 08:13:16 GMT;tdelille;5;10;0.3333333333333333;0.6666666666666666
19 Mar 2009 08:38:15 GMT;ddaniaupotter;3;10;0.23076923076923078;0.7692307692307693
19 Mar 2009 09:37:17 GMT;cdejean;0;10;0.0;1.0
19 Mar 2009 10:18:12 GMT;gachort;5;21;0.19230769230769232;0.8076923076923077
19 Mar 2009 11:06:31 GMT;tdelille;1;20;0.047619047619047616;0.9523809523809523
19 Mar 2009 11:14:17 GMT;tdelille;4;4;0.5;0.5
19 Mar 2009 11:30:48 GMT;tdelille;0;1;0.0;1.0
19 Mar 2009 11:49:46 GMT;tdelille;0;2;0.0;1.0
19 Mar 2009 12:03:06 GMT;mmay;1;7;0.125;0.875
19 Mar 2009 13:11:38 GMT;tdelille;2;2;0.5;0.5
19 Mar 2009 13:28:03 GMT;tdelille;3;5;0.375;0.625
19 Mar 2009 13:40:08 GMT;tdelille;3;7;0.3;0.7
19 Mar 2009 14:05:16 GMT;jvasseur;0;16;0.0;1.0
19 Mar 2009 14:14:11 GMT;mdanet;6;26;0.1875;0.8125
19 Mar 2009 16:10:21 GMT;gachort;6;21;0.2222222222222222;0.7777777777777778
19 Mar 2009 16:26:06 GMT;tdelille;4;16;0.2;0.8
19 Mar 2009 16:44:50 GMT;mmay;1;2;0.3333333333333333;0.6666666666666666
19 Mar 2009 16:49:49 GMT;fdarriet;2;20;0.09090909090909091;0.9090909090909091
19 Mar 2009 17:10:27 GMT;mwollenburger;3;27;0.1;0.9
19 Mar 2009 19:37:13 GMT;mdanet;0;8;0.0;1.0
19 Mar 2009 19:39:01 GMT;tdelille;4;14;0.2222222222222222;0.7777777777777778
19 Mar 2009 20:22:47 GMT;tdelille;2;3;0.4;0.6
19 Mar 2009 20:49:32 GMT;tdelille;2;29;0.06451612903225806;0.9354838709677419
20 Mar 2009 00:14:11 GMT;gachort;2;21;0.08695652173913043;0.9130434782608695
20 Mar 2009 00:29:33 GMT;tdelille;2;14;0.125;0.875
20 Mar 2009 00:45:11 GMT;tdelille;0;5;0.0;1.0
20 Mar 2009 02:51:05 GMT;mwollenburger;4;28;0.125;0.875
20 Mar 2009 06:11:00 GMT;ddaniaupotter;2;16;0.1111111111111111;0.8888888888888888
20 Mar 2009 07:37:39 GMT;mwollenburger;6;16;0.2727272727272727;0.7272727272727273
20 Mar 2009 09:23:54 GMT;mmay;3;12;0.2;0.8
20 Mar 2009 09:49:07 GMT;tdelille;4;20;0.16666666666666666;0.8333333333333334
20 Mar 2009 10:49:16 GMT;mwollenburger;0;3;0.0;1.0
20 Mar 2009 11:58:21 GMT;ddaniaupotter;0;5;0.0;1.0
20 Mar 2009 12:53:02 GMT;fdarriet;0;2;0.0;1.0
20 Mar 2009 13:21:48 GMT;ddaniaupotter;2;5;0.2857142857142857;0.7142857142857143
20 Mar 2009 13:33:01 GMT;tdelille;6;33;0.15384615384615385;0.8461538461538461
20 Mar 2009 15:14:47 GMT;tdelille;0;7;0.0;1.0
20 Mar 2009 15:20:38 GMT;mdanet;1;4;0.2;0.8
20 Mar 2009 16:11:19 GMT;fdarriet;0;5;0.0;1.0
20 Mar 2009 16:17:41 GMT;mwollenburger;1;7;0.125;0.875
20 Mar 2009 16:31:05 GMT;gachort;1;10;0.09090909090909091;0.9090909090909091
20 Mar 2009 17:24:11 GMT;cdejean;0;12;0.0;1.0
20 Mar 2009 18:03:19 GMT;tdelille;0;18;0.0;1.0
20 Mar 2009 18:22:40 GMT;tdelille;1;7;0.125;0.875
19 Mar 2009 23:24:10 GMT;fdarriet;0;45;0.0;1.0
21 Mar 2009 01:13:25 GMT;tdelille;2;4;0.3333333333333333;0.6666666666666666
21 Mar 2009 02:24:30 GMT;gachort;0;18;0.0;1.0
21 Mar 2009 04:05:34 GMT;mwollenburger;2;4;0.3333333333333333;0.6666666666666666
21 Mar 2009 05:13:04 GMT;gachort;1;11;0.08333333333333333;0.9166666666666666
21 Mar 2009 05:55:16 GMT;ddaniaupotter;0;6;0.0;1.0
21 Mar 2009 06:16:12 GMT;gachort;3;24;0.1111111111111111;0.8888888888888888
21 Mar 2009 09:00:50 GMT;fdarriet;0;2;0.0;1.0
21 Mar 2009 10:23:29 GMT;gachort;0;1;0.0;1.0
21 Mar 2009 10:25:00 GMT;tdelille;2;11;0.15384615384615385;0.8461538461538461
21 Mar 2009 11:04:20 GMT;tdelille;4;5;0.4444444444444444;0.5555555555555556
21 Mar 2009 11:22:59 GMT;mwollenburger;0;2;0.0;1.0
21 Mar 2009 11:23:17 GMT;mdanet;0;9;0.0;1.0
21 Mar 2009 11:45:13 GMT;gachort;5;7;0.4166666666666667;0.5833333333333334
21 Mar 2009 12:02:00 GMT;tdelille;13;53;0.19696969696969696;0.803030303030303
21 Mar 2009 13:40:02 GMT;mwollenburger;3;20;0.13043478260869565;0.8695652173913043
21 Mar 2009 14:20:36 GMT;tdelille;6;12;0.3333333333333333;0.6666666666666666
21 Mar 2009 14:58:21 GMT;cdejean;1;13;0.07142857142857142;0.9285714285714286
21 Mar 2009 15:27:40 GMT;gachort;1;6;0.14285714285714285;0.8571428571428571
21 Mar 2009 16:14:30 GMT;tdelille;0;2;0.0;1.0
21 Mar 2009 16:17:23 GMT;mdanet;0;6;0.0;1.0
21 Mar 2009 16:36:43 GMT;gachort;6;10;0.375;0.625
21 Mar 2009 16:53:52 GMT;tdelille;2;24;0.07692307692307693;0.9230769230769231
21 Mar 2009 17:03:40 GMT;fdarriet;6;37;0.13953488372093023;0.8604651162790697
21 Mar 2009 17:26:04 GMT;gachort;0;7;0.0;1.0
21 Mar 2009 17:27:03 GMT;tdelille;28;135;0.17177914110429449;0.8282208588957055
21 Mar 2009 18:22:45 GMT;tdelille;3;10;0.23076923076923078;0.7692307692307693
21 Mar 2009 18:25:10 GMT;tdelille;3;43;0.06521739130434782;0.9347826086956522
21 Mar 2009 22:19:30 GMT;tdelille;1;2;0.3333333333333333;0.6666666666666666
22 Mar 2009 02:54:13 GMT;ddaniaupotter;0;2;0.0;1.0
22 Mar 2009 02:55:05 GMT;gachort;7;18;0.28;0.72
22 Mar 2009 03:38:30 GMT;mwollenburger;10;49;0.1694915254237288;0.8305084745762712
22 Mar 2009 05:56:48 GMT;mgodwod;2;7;0.2222222222222222;0.7777777777777778
22 Mar 2009 06:06:43 GMT;gachort;13;163;0.07386363636363637;0.9261363636363636
22 Mar 2009 09:31:49 GMT;gachort;2;26;0.07142857142857142;0.9285714285714286
22 Mar 2009 10:21:48 GMT;fdarriet;3;16;0.15789473684210525;0.8421052631578947
22 Mar 2009 10:37:54 GMT;tdelille;3;41;0.06818181818181818;0.9318181818181818
22 Mar 2009 11:11:14 GMT;mdanet;2;11;0.15384615384615385;0.8461538461538461
22 Mar 2009 12:20:55 GMT;gachort;23;74;0.23711340206185566;0.7628865979381443
22 Mar 2009 14:19:32 GMT;mmay;1;13;0.07142857142857142;0.9285714285714286
22 Mar 2009 14:51:07 GMT;gachort;9;48;0.15789473684210525;0.8421052631578947
22 Mar 2009 15:15:23 GMT;mmay;7;43;0.14;0.86
22 Mar 2009 15:48:19 GMT;fdarriet;8;38;0.17391304347826086;0.8260869565217391
22 Mar 2009 16:24:22 GMT;cfroger;13;40;0.24528301886792453;0.7547169811320755
22 Mar 2009 17:03:59 GMT;mwollenburger;2;2;0.5;0.5
22 Mar 2009 17:08:47 GMT;tdelille;0;2;0.0;1.0
22 Mar 2009 18:53:35 GMT;mdanet;0;4;0.0;1.0
23 Mar 2009 00:30:03 GMT;tdelille;1;13;0.07142857142857142;0.9285714285714286
23 Mar 2009 01:35:21 GMT;ddaniaupotter;1;6;0.14285714285714285;0.8571428571428571
23 Mar 2009 01:58:35 GMT;tdelille;0;2;0.0;1.0
23 Mar 2009 01:58:49 GMT;gachort;3;19;0.13636363636363635;0.8636363636363636
23 Mar 2009 02:24:01 GMT;tdelille;6;15;0.2857142857142857;0.7142857142857143
23 Mar 2009 02:39:40 GMT;tdelille;6;11;0.35294117647058826;0.6470588235294118
23 Mar 2009 02:46:11 GMT;mwollenburger;6;20;0.23076923076923078;0.7692307692307693
23 Mar 2009 03:08:56 GMT;tdelille;10;111;0.08264462809917356;0.9173553719008265
23 Mar 2009 07:32:57 GMT;ddaniaupotter;0;27;0.0;1.0
23 Mar 2009 07:49:26 GMT;tdelille;2;18;0.1;0.9
23 Mar 2009 07:56:19 GMT;gachort;0;2;0.0;1.0
23 Mar 2009 09:16:56 GMT;mdanet;1;4;0.2;0.8
23 Mar 2009 09:47:36 GMT;fdarriet;0;2;0.0;1.0
23 Mar 2009 10:14:00 GMT;ddaniaupotter;1;8;0.1111111111111111;0.8888888888888888
23 Mar 2009 10:44:46 GMT;gachort;2;4;0.3333333333333333;0.6666666666666666
23 Mar 2009 11:27:58 GMT;tdelille;1;12;0.07692307692307693;0.9230769230769231
23 Mar 2009 12:42:03 GMT;mgodwod;0;3;0.0;1.0
23 Mar 2009 12:45:46 GMT;tdelille;0;4;0.0;1.0
23 Mar 2009 13:22:11 GMT;gachort;1;10;0.09090909090909091;0.9090909090909091
23 Mar 2009 15:30:30 GMT;tdelille;2;7;0.2222222222222222;0.7777777777777778
23 Mar 2009 16:00:39 GMT;gachort;2;6;0.25;0.75
23 Mar 2009 16:35:22 GMT;tdelille;4;4;0.5;0.5
23 Mar 2009 16:48:40 GMT;tdelille;0;20;0.0;1.0
23 Mar 2009 17:28:12 GMT;mwollenburger;0;12;0.0;1.0
24 Mar 2009 00:42:25 GMT;fdarriet;1;2;0.3333333333333333;0.6666666666666666
24 Mar 2009 01:55:58 GMT;ddaniaupotter;1;3;0.25;0.75
24 Mar 2009 02:43:31 GMT;mwollenburger;5;10;0.3333333333333333;0.6666666666666666
24 Mar 2009 05:50:22 GMT;mdanet;0;1;0.0;1.0
24 Mar 2009 05:50:27 GMT;gachort;0;16;0.0;1.0
24 Mar 2009 08:07:40 GMT;tdelille;7;17;0.2916666666666667;0.7083333333333334
24 Mar 2009 08:52:01 GMT;ddaniaupotter;5;37;0.11904761904761904;0.8809523809523809
24 Mar 2009 09:27:05 GMT;fdarriet;0;1;0.0;1.0
24 Mar 2009 09:27:56 GMT;gachort;2;17;0.10526315789473684;0.8947368421052632
24 Mar 2009 09:38:14 GMT;shernu;1;6;0.14285714285714285;0.8571428571428571
24 Mar 2009 09:41:54 GMT;mmay;7;91;0.07142857142857142;0.9285714285714286
24 Mar 2009 11:38:40 GMT;mdanet;0;3;0.0;1.0
24 Mar 2009 11:57:22 GMT;tdelille;4;23;0.14814814814814814;0.8518518518518519
24 Mar 2009 12:10:08 GMT;adebeuckelaere;2;27;0.06896551724137931;0.9310344827586207
24 Mar 2009 13:48:13 GMT;tdelille;0;5;0.0;1.0
24 Mar 2009 13:49:17 GMT;gachort;2;5;0.2857142857142857;0.7142857142857143
24 Mar 2009 14:31:34 GMT;tdelille;0;8;0.0;1.0
24 Mar 2009 14:50:45 GMT;ddaniaupotter;1;16;0.058823529411764705;0.9411764705882353
24 Mar 2009 14:57:19 GMT;xjmechain;0;2;0.0;1.0
24 Mar 2009 15:07:46 GMT;shernu;3;26;0.10344827586206896;0.896551724137931
24 Mar 2009 15:26:41 GMT;adebeuckelaere;0;3;0.0;1.0
24 Mar 2009 15:31:52 GMT;cdejean;2;14;0.125;0.875
24 Mar 2009 15:37:51 GMT;gachort;2;30;0.0625;0.9375
24 Mar 2009 15:47:24 GMT;cevanen;0;1;0.0;1.0
24 Mar 2009 15:56:21 GMT;jvasseur;2;11;0.15384615384615385;0.8461538461538461
24 Mar 2009 16:08:08 GMT;ddaniaupotter;1;7;0.125;0.875
24 Mar 2009 16:10:40 GMT;adebeuckelaere;20;64;0.23809523809523808;0.7619047619047619
24 Mar 2009 16:51:29 GMT;fdarriet;2;4;0.3333333333333333;0.6666666666666666
24 Mar 2009 16:54:03 GMT;mdanet;3;27;0.1;0.9
24 Mar 2009 17:18:22 GMT;gachort;1;12;0.07692307692307693;0.9230769230769231
24 Mar 2009 20:27:51 GMT;tdelille;5;40;0.1111111111111111;0.8888888888888888
24 Mar 2009 20:47:14 GMT;tdelille;2;6;0.25;0.75
24 Mar 2009 21:08:14 GMT;jvasseur;0;3;0.0;1.0
24 Mar 2009 22:20:25 GMT;fdarriet;0;8;0.0;1.0
25 Mar 2009 01:45:09 GMT;ddaniaupotter;0;7;0.0;1.0
25 Mar 2009 02:58:34 GMT;tsoubrie;1;14;0.06666666666666667;0.9333333333333333
25 Mar 2009 03:09:30 GMT;tdelille;2;20;0.09090909090909091;0.9090909090909091
25 Mar 2009 03:29:03 GMT;tdelille;1;27;0.03571428571428571;0.9642857142857143
25 Mar 2009 03:35:44 GMT;tdelille;1;7;0.125;0.875
25 Mar 2009 03:41:21 GMT;tdelille;0;45;0.0;1.0
25 Mar 2009 04:22:59 GMT;mwollenburger;0;3;0.0;1.0
25 Mar 2009 04:32:11 GMT;gachort;5;43;0.10416666666666667;0.8958333333333334
25 Mar 2009 06:02:25 GMT;mgodwod;0;19;0.0;1.0
25 Mar 2009 06:24:28 GMT;ddaniaupotter;2;15;0.11764705882352941;0.8823529411764706
25 Mar 2009 06:42:57 GMT;gachort;0;9;0.0;1.0
25 Mar 2009 08:05:11 GMT;tdelille;2;14;0.125;0.875
25 Mar 2009 08:39:21 GMT;gachort;5;11;0.3125;0.6875
25 Mar 2009 10:43:03 GMT;gachort;6;19;0.24;0.76
25 Mar 2009 11:50:00 GMT;tdelille;4;19;0.17391304347826086;0.8260869565217391
25 Mar 2009 12:01:50 GMT;ddaniaupotter;1;11;0.08333333333333333;0.9166666666666666
25 Mar 2009 12:10:25 GMT;tdelille;1;4;0.2;0.8
25 Mar 2009 12:12:19 GMT;tdelille;0;17;0.0;1.0
25 Mar 2009 12:30:59 GMT;gachort;2;15;0.11764705882352941;0.8823529411764706
25 Mar 2009 12:43:43 GMT;psalam;8;31;0.20512820512820512;0.7948717948717948
25 Mar 2009 13:00:45 GMT;mmay;1;15;0.0625;0.9375
25 Mar 2009 13:46:17 GMT;tdelille;0;2;0.0;1.0
25 Mar 2009 14:02:45 GMT;ddaniaupotter;1;18;0.05263157894736842;0.9473684210526315
25 Mar 2009 14:18:07 GMT;tdelille;1;6;0.14285714285714285;0.8571428571428571
25 Mar 2009 14:20:59 GMT;tdelille;7;12;0.3684210526315789;0.631578947368421
25 Mar 2009 14:36:55 GMT;tdelille;3;16;0.15789473684210525;0.8421052631578947
25 Mar 2009 14:42:34 GMT;tdelille;0;6;0.0;1.0
25 Mar 2009 15:07:28 GMT;tdelille;0;0;0.0;0.0
25 Mar 2009 15:11:21 GMT;tdelille;0;12;0.0;1.0
25 Mar 2009 16:04:01 GMT;gachort;29;176;0.14146341463414633;0.8585365853658536
25 Mar 2009 17:18:31 GMT;tdelille;7;49;0.125;0.875
25 Mar 2009 17:39:20 GMT;tdelille;2;10;0.16666666666666666;0.8333333333333334
25 Mar 2009 18:42:15 GMT;psalam;0;4;0.0;1.0
25 Mar 2009 21:03:23 GMT;tdelille;2;3;0.4;0.6
25 Mar 2009 22:27:09 GMT;fdarriet;1;8;0.1111111111111111;0.8888888888888888
26 Mar 2009 01:54:14 GMT;mwollenburger;0;13;0.0;1.0
26 Mar 2009 02:45:05 GMT;gachort;0;4;0.0;1.0
26 Mar 2009 03:05:46 GMT;ddaniaupotter;1;6;0.14285714285714285;0.8571428571428571
26 Mar 2009 04:44:48 GMT;gachort;0;2;0.0;1.0
26 Mar 2009 04:52:20 GMT;adebeuckelaere;0;3;0.0;1.0
26 Mar 2009 04:58:14 GMT;cevanen;0;1;0.0;1.0
26 Mar 2009 06:30:03 GMT;tdelille;2;2;0.5;0.5
26 Mar 2009 06:50:46 GMT;tdelille;0;1;0.0;1.0
26 Mar 2009 08:44:02 GMT;jvasseur;0;3;0.0;1.0
26 Mar 2009 08:55:03 GMT;ddaniaupotter;0;5;0.0;1.0
26 Mar 2009 08:58:12 GMT;tdelille;1;1;0.5;0.5
26 Mar 2009 09:35:42 GMT;gachort;0;2;0.0;1.0
26 Mar 2009 09:45:55 GMT;gachort;2;2;0.5;0.5
26 Mar 2009 09:55:26 GMT;tdelille;0;2;0.0;1.0
26 Mar 2009 10:08:10 GMT;mdanet;0;3;0.0;1.0
26 Mar 2009 10:47:53 GMT;fdarriet;1;2;0.3333333333333333;0.6666666666666666
26 Mar 2009 12:07:32 GMT;tdelille;2;4;0.3333333333333333;0.6666666666666666
26 Mar 2009 12:49:40 GMT;gachort;0;3;0.0;1.0
26 Mar 2009 15:05:15 GMT;ddaniaupotter;0;1;0.0;1.0
26 Mar 2009 15:05:27 GMT;mdanet;2;8;0.2;0.8
26 Mar 2009 15:31:37 GMT;cdejean;0;13;0.0;1.0
26 Mar 2009 15:58:49 GMT;tdelille;6;8;0.42857142857142855;0.5714285714285714
26 Mar 2009 16:40:01 GMT;gachort;1;11;0.08333333333333333;0.9166666666666666
26 Mar 2009 16:51:51 GMT;mwollenburger;6;48;0.1111111111111111;0.8888888888888888
26 Mar 2009 18:37:35 GMT;ddaniaupotter;2;1;0.6666666666666666;0.3333333333333333
26 Mar 2009 19:58:09 GMT;tdelille;8;18;0.3076923076923077;0.6923076923076923
25 Mar 2009 23:45:59 GMT;jvasseur;0;3;0.0;1.0
27 Mar 2009 00:03:56 GMT;tdelille;1;43;0.022727272727272728;0.9772727272727273
27 Mar 2009 01:23:55 GMT;tdelille;2;5;0.2857142857142857;0.7142857142857143
27 Mar 2009 02:41:04 GMT;gachort;0;2;0.0;1.0
27 Mar 2009 02:52:47 GMT;mwollenburger;7;23;0.23333333333333334;0.7666666666666667
27 Mar 2009 06:14:46 GMT;ddaniaupotter;4;19;0.17391304347826086;0.8260869565217391
27 Mar 2009 07:12:56 GMT;ddaniaupotter;0;2;0.0;1.0
27 Mar 2009 07:27:50 GMT;tsoubrie;0;29;0.0;1.0
27 Mar 2009 09:36:33 GMT;psalam;0;6;0.0;1.0
27 Mar 2009 10:00:12 GMT;mgodwod;0;11;0.0;1.0
27 Mar 2009 12:33:50 GMT;tdelille;2;23;0.08;0.92
27 Mar 2009 18:32:36 GMT;ddaniaupotter;1;5;0.16666666666666666;0.8333333333333334
27 Mar 2009 18:43:23 GMT;fdarriet;0;5;0.0;1.0
27 Mar 2009 19:23:53 GMT;tdelille;2;2;0.5;0.5
28 Mar 2009 00:57:45 GMT;gachort;4;12;0.25;0.75
28 Mar 2009 01:18:36 GMT;tdelille;2;11;0.15384615384615385;0.8461538461538461
28 Mar 2009 02:31:55 GMT;tdelille;1;5;0.16666666666666666;0.8333333333333334
28 Mar 2009 04:03:18 GMT;gachort;2;6;0.25;0.75
28 Mar 2009 04:19:07 GMT;mwollenburger;0;10;0.0;1.0
28 Mar 2009 07:52:36 GMT;mgodwod;0;6;0.0;1.0
28 Mar 2009 09:36:39 GMT;mdanet;2;11;0.15384615384615385;0.8461538461538461
28 Mar 2009 10:59:26 GMT;tdelille;0;2;0.0;1.0
28 Mar 2009 11:37:30 GMT;tdelille;2;2;0.5;0.5
28 Mar 2009 12:11:23 GMT;tdelille;3;5;0.375;0.625
28 Mar 2009 12:30:34 GMT;tdelille;2;2;0.5;0.5
28 Mar 2009 13:09:45 GMT;mgodwod;2;18;0.1;0.9
28 Mar 2009 14:34:01 GMT;tdelille;2;6;0.25;0.75
28 Mar 2009 14:59:08 GMT;tdelille;6;14;0.3;0.7
28 Mar 2009 18:32:50 GMT;tdelille;0;3;0.0;1.0
28 Mar 2009 18:47:10 GMT;jvasseur;0;4;0.0;1.0
28 Mar 2009 20:21:00 GMT;tdelille;0;14;0.0;1.0
27 Mar 2009 23:53:19 GMT;tdelille;2;8;0.2;0.8
29 Mar 2009 02:44:11 GMT;mwollenburger;3;11;0.21428571428571427;0.7857142857142857
29 Mar 2009 12:15:00 GMT;tdelille;6;17;0.2608695652173913;0.7391304347826086
29 Mar 2009 13:16:38 GMT;fdarriet;0;9;0.0;1.0
29 Mar 2009 13:35:44 GMT;fdarriet;1;2;0.3333333333333333;0.6666666666666666
29 Mar 2009 13:47:22 GMT;tdelille;3;6;0.3333333333333333;0.6666666666666666
29 Mar 2009 14:02:23 GMT;tdelille;0;3;0.0;1.0
29 Mar 2009 14:05:17 GMT;mwollenburger;10;21;0.3225806451612903;0.6774193548387096
29 Mar 2009 14:35:33 GMT;psalam;2;17;0.10526315789473684;0.8947368421052632
29 Mar 2009 15:14:38 GMT;tdelille;0;14;0.0;1.0
29 Mar 2009 15:29:03 GMT;cdejean;2;8;0.2;0.8
29 Mar 2009 16:56:21 GMT;tdelille;2;4;0.3333333333333333;0.6666666666666666
29 Mar 2009 17:30:30 GMT;gachort;0;5;0.0;1.0
29 Mar 2009 19:14:36 GMT;jvasseur;0;2;0.0;1.0
30 Mar 2009 00:25:35 GMT;gachort;2;2;0.5;0.5
30 Mar 2009 00:43:17 GMT;tdelille;1;5;0.16666666666666666;0.8333333333333334
30 Mar 2009 01:54:57 GMT;gachort;0;12;0.0;1.0
30 Mar 2009 01:59:06 GMT;mwollenburger;7;45;0.1346153846153846;0.8653846153846154
30 Mar 2009 02:29:11 GMT;mgodwod;9;18;0.3333333333333333;0.6666666666666666
30 Mar 2009 04:06:37 GMT;cevanen;1;45;0.021739130434782608;0.9782608695652174
30 Mar 2009 04:46:23 GMT;ddaniaupotter;1;22;0.043478260869565216;0.9565217391304348
30 Mar 2009 05:45:38 GMT;mdanet;0;1;0.0;1.0
30 Mar 2009 05:45:40 GMT;mdanet;0;2;0.0;1.0
30 Mar 2009 05:55:47 GMT;gachort;2;2;0.5;0.5
30 Mar 2009 07:01:23 GMT;mdanet;0;3;0.0;1.0
30 Mar 2009 07:07:15 GMT;ddaniaupotter;2;2;0.5;0.5
30 Mar 2009 08:37:16 GMT;gachort;2;8;0.2;0.8
30 Mar 2009 08:48:16 GMT;tdelille;2;29;0.06451612903225806;0.9354838709677419
30 Mar 2009 09:21:27 GMT;mmay;0;6;0.0;1.0
30 Mar 2009 11:02:04 GMT;fdarriet;0;2;0.0;1.0
30 Mar 2009 13:45:50 GMT;gachort;1;3;0.25;0.75
30 Mar 2009 15:14:28 GMT;mwollenburger;0;2;0.0;1.0
30 Mar 2009 15:22:19 GMT;tdelille;2;2;0.5;0.5
30 Mar 2009 15:31:35 GMT;tdelille;0;2;0.0;1.0
30 Mar 2009 15:54:51 GMT;tdelille;0;2;0.0;1.0
30 Mar 2009 23:21:32 GMT;gachort;0;2;0.0;1.0
31 Mar 2009 03:06:36 GMT;mwollenburger;0;4;0.0;1.0
31 Mar 2009 03:15:53 GMT;jvasseur;0;2;0.0;1.0
31 Mar 2009 03:26:28 GMT;gachort;6;12;0.3333333333333333;0.6666666666666666
31 Mar 2009 06:05:19 GMT;gachort;2;4;0.3333333333333333;0.6666666666666666
31 Mar 2009 06:38:04 GMT;tdelille;2;9;0.18181818181818182;0.8181818181818182
31 Mar 2009 07:07:02 GMT;ddaniaupotter;1;23;0.041666666666666664;0.9583333333333334
31 Mar 2009 07:34:03 GMT;adebeuckelaere;3;12;0.2;0.8
31 Mar 2009 09:14:48 GMT;shernu;0;11;0.0;1.0
31 Mar 2009 09:36:04 GMT;tdelille;2;3;0.4;0.6
31 Mar 2009 11:16:39 GMT;tdelille;0;13;0.0;1.0
31 Mar 2009 12:30:47 GMT;gachort;0;5;0.0;1.0
31 Mar 2009 13:01:17 GMT;shernu;1;1;0.5;0.5
31 Mar 2009 13:47:33 GMT;mwollenburger;1;4;0.2;0.8
31 Mar 2009 13:56:59 GMT;ddaniaupotter;3;10;0.23076923076923078;0.7692307692307693
31 Mar 2009 14:09:51 GMT;cdejean;0;5;0.0;1.0
31 Mar 2009 14:11:03 GMT;gachort;4;20;0.16666666666666666;0.8333333333333334
31 Mar 2009 14:45:14 GMT;ddaniaupotter;0;0;0.0;0.0
31 Mar 2009 14:54:24 GMT;mdanet;1;9;0.1;0.9
31 Mar 2009 16:25:09 GMT;fdarriet;0;5;0.0;1.0
31 Mar 2009 17:01:37 GMT;tdelille;6;12;0.3333333333333333;0.6666666666666666
30 Mar 2009 22:10:39 GMT;tdelille;2;10;0.16666666666666666;0.8333333333333334
31 Mar 2009 23:09:06 GMT;tdelille;4;6;0.4;0.6
31 Mar 2009 23:52:11 GMT;ddaniaupotter;0;1;0.0;1.0
31 Mar 2009 23:52:20 GMT;tdelille;1;12;0.07692307692307693;0.9230769230769231
1 Apr 2009 00:03:43 GMT;mwollenburger;10;17;0.37037037037037035;0.6296296296296297
1 Apr 2009 01:15:04 GMT;ddaniaupotter;3;12;0.2;0.8
1 Apr 2009 01:36:59 GMT;gachort;5;34;0.1282051282051282;0.8717948717948718
1 Apr 2009 03:50:47 GMT;gachort;6;9;0.4;0.6
1 Apr 2009 05:34:53 GMT;gachort;2;7;0.2222222222222222;0.7777777777777778
1 Apr 2009 07:36:39 GMT;gachort;4;26;0.13333333333333333;0.8666666666666667
1 Apr 2009 09:10:03 GMT;tdelille;9;27;0.25;0.75
1 Apr 2009 10:30:30 GMT;tdelille;0;0;0.0;0.0
1 Apr 2009 10:31:59 GMT;tdelille;5;11;0.3125;0.6875
1 Apr 2009 11:38:31 GMT;gachort;0;4;0.0;1.0
1 Apr 2009 11:44:51 GMT;tdelille;0;0;0.0;0.0
1 Apr 2009 11:45:38 GMT;tdelille;0;0;0.0;0.0
1 Apr 2009 12:07:48 GMT;fdarriet;3;9;0.25;0.75
1 Apr 2009 12:38:40 GMT;fdarriet;3;25;0.10714285714285714;0.8928571428571429
1 Apr 2009 13:25:50 GMT;mmay;0;2;0.0;1.0
1 Apr 2009 13:26:20 GMT;cdejean;20;61;0.24691358024691357;0.7530864197530864
1 Apr 2009 15:05:44 GMT;mwollenburger;0;0;0.0;0.0
1 Apr 2009 15:05:49 GMT;ddaniaupotter;6;25;0.1935483870967742;0.8064516129032258
1 Apr 2009 16:10:50 GMT;tdelille;0;13;0.0;1.0
1 Apr 2009 16:44:02 GMT;tdelille;2;4;0.3333333333333333;0.6666666666666666
1 Apr 2009 18:18:06 GMT;tdelille;0;21;0.0;1.0
1 Apr 2009 18:30:12 GMT;tdelille;2;2;0.5;0.5
1 Apr 2009 19:17:51 GMT;tdelille;6;21;0.2222222222222222;0.7777777777777778
1 Apr 2009 23:08:13 GMT;tdelille;2;13;0.13333333333333333;0.8666666666666667
1 Apr 2009 23:46:47 GMT;ddaniaupotter;0;1;0.0;1.0
1 Apr 2009 23:46:53 GMT;ddaniaupotter;0;5;0.0;1.0
1 Apr 2009 23:49:40 GMT;jvasseur;1;12;0.07692307692307693;0.9230769230769231
2 Apr 2009 03:32:02 GMT;gachort;2;20;0.09090909090909091;0.9090909090909091
2 Apr 2009 04:09:19 GMT;mwollenburger;0;2;0.0;1.0
2 Apr 2009 04:46:02 GMT;mwollenburger;0;15;0.0;1.0
2 Apr 2009 05:05:49 GMT;ddaniaupotter;1;3;0.25;0.75
2 Apr 2009 05:29:33 GMT;adebeuckelaere;0;2;0.0;1.0
2 Apr 2009 05:54:53 GMT;mdanet;1;4;0.2;0.8
2 Apr 2009 06:51:46 GMT;fdarriet;0;7;0.0;1.0
2 Apr 2009 08:55:36 GMT;tdelille;2;4;0.3333333333333333;0.6666666666666666
2 Apr 2009 09:26:36 GMT;tdelille;2;2;0.5;0.5
2 Apr 2009 10:01:27 GMT;tdelille;1;1;0.5;0.5
2 Apr 2009 10:40:21 GMT;gachort;0;0;0.0;0.0
2 Apr 2009 10:41:57 GMT;gachort;0;0;0.0;0.0
2 Apr 2009 10:57:43 GMT;cfroger;0;19;0.0;1.0
2 Apr 2009 11:50:24 GMT;ddaniaupotter;0;5;0.0;1.0
2 Apr 2009 13:31:47 GMT;gachort;6;36;0.14285714285714285;0.8571428571428571
2 Apr 2009 14:03:25 GMT;shernu;2;11;0.15384615384615385;0.8461538461538461
2 Apr 2009 15:10:42 GMT;tdelille;0;6;0.0;1.0
2 Apr 2009 15:13:12 GMT;gachort;2;3;0.4;0.6
2 Apr 2009 15:29:04 GMT;mwollenburger;0;14;0.0;1.0
2 Apr 2009 15:46:05 GMT;gachort;0;2;0.0;1.0
2 Apr 2009 16:36:31 GMT;tdelille;0;4;0.0;1.0
2 Apr 2009 17:56:55 GMT;tdelille;2;13;0.13333333333333333;0.8666666666666667
2 Apr 2009 19:23:13 GMT;mdanet;0;11;0.0;1.0
2 Apr 2009 19:29:07 GMT;tdelille;3;23;0.11538461538461539;0.8846153846153846
2 Apr 2009 20:41:52 GMT;fdarriet;1;12;0.07692307692307693;0.9230769230769231
1 Apr 2009 22:54:16 GMT;fdarriet;1;5;0.16666666666666666;0.8333333333333334
3 Apr 2009 00:11:43 GMT;mwollenburger;0;2;0.0;1.0
3 Apr 2009 00:13:26 GMT;gachort;1;10;0.09090909090909091;0.9090909090909091
3 Apr 2009 04:02:27 GMT;ddaniaupotter;6;24;0.2;0.8
3 Apr 2009 08:27:23 GMT;fdarriet;4;19;0.17391304347826086;0.8260869565217391
3 Apr 2009 09:33:43 GMT;tdelille;2;11;0.15384615384615385;0.8461538461538461
3 Apr 2009 10:02:17 GMT;ddaniaupotter;2;14;0.125;0.875
3 Apr 2009 10:31:35 GMT;tdelille;4;12;0.25;0.75
3 Apr 2009 10:50:19 GMT;mgodwod;2;7;0.2222222222222222;0.7777777777777778
3 Apr 2009 11:05:26 GMT;fdarriet;0;24;0.0;1.0
3 Apr 2009 13:19:55 GMT;cevanen;1;5;0.16666666666666666;0.8333333333333334
3 Apr 2009 19:04:27 GMT;jvasseur;0;8;0.0;1.0
3 Apr 2009 19:59:55 GMT;tdelille;0;10;0.0;1.0
4 Apr 2009 01:16:13 GMT;cdejean;2;16;0.1111111111111111;0.8888888888888888
4 Apr 2009 01:36:59 GMT;tdelille;3;9;0.25;0.75
4 Apr 2009 02:20:47 GMT;gachort;2;18;0.1;0.9
4 Apr 2009 02:37:49 GMT;mwollenburger;1;38;0.02564102564102564;0.9743589743589743
4 Apr 2009 03:48:00 GMT;gachort;1;5;0.16666666666666666;0.8333333333333334
4 Apr 2009 04:05:35 GMT;mwollenburger;1;2;0.3333333333333333;0.6666666666666666
4 Apr 2009 04:49:22 GMT;ddaniaupotter;10;29;0.2564102564102564;0.7435897435897436
4 Apr 2009 06:17:53 GMT;mdanet;1;23;0.041666666666666664;0.9583333333333334
4 Apr 2009 07:15:44 GMT;fdarriet;0;2;0.0;1.0
4 Apr 2009 07:23:22 GMT;gachort;2;5;0.2857142857142857;0.7142857142857143
4 Apr 2009 07:39:21 GMT;tdelille;4;22;0.15384615384615385;0.8461538461538461
4 Apr 2009 07:53:31 GMT;gachort;7;29;0.19444444444444445;0.8055555555555556
4 Apr 2009 08:29:01 GMT;tdelille;0;27;0.0;1.0
4 Apr 2009 11:49:16 GMT;gachort;0;1;0.0;1.0
4 Apr 2009 11:54:54 GMT;mdanet;3;18;0.14285714285714285;0.8571428571428571
4 Apr 2009 13:01:58 GMT;fdarriet;0;10;0.0;1.0
4 Apr 2009 13:28:39 GMT;fdarriet;3;25;0.10714285714285714;0.8928571428571429
4 Apr 2009 14:09:24 GMT;tdelille;4;7;0.36363636363636365;0.6363636363636364
4 Apr 2009 14:26:31 GMT;gachort;2;4;0.3333333333333333;0.6666666666666666
4 Apr 2009 14:37:22 GMT;tdelille;4;20;0.16666666666666666;0.8333333333333334
4 Apr 2009 15:49:37 GMT;gachort;4;12;0.25;0.75
4 Apr 2009 16:12:11 GMT;tdelille;5;16;0.23809523809523808;0.7619047619047619
4 Apr 2009 19:02:42 GMT;tdelille;0;2;0.0;1.0
5 Apr 2009 01:52:43 GMT;mwollenburger;0;2;0.0;1.0
5 Apr 2009 01:53:23 GMT;gachort;5;11;0.3125;0.6875
5 Apr 2009 03:14:36 GMT;gachort;0;2;0.0;1.0
5 Apr 2009 04:52:19 GMT;ddaniaupotter;2;9;0.18181818181818182;0.8181818181818182
5 Apr 2009 06:33:04 GMT;fdarriet;3;7;0.3;0.7
5 Apr 2009 06:56:30 GMT;gachort;0;1;0.0;1.0
5 Apr 2009 06:56:34 GMT;gachort;5;6;0.45454545454545453;0.5454545454545454
5 Apr 2009 07:48:11 GMT;gachort;0;2;0.0;1.0
5 Apr 2009 10:38:33 GMT;tdelille;2;3;0.4;0.6
5 Apr 2009 10:58:36 GMT;psalam;0;2;0.0;1.0
5 Apr 2009 11:07:42 GMT;gachort;0;2;0.0;1.0
5 Apr 2009 11:31:55 GMT;mdanet;2;15;0.11764705882352941;0.8823529411764706
5 Apr 2009 14:49:15 GMT;tdelille;2;17;0.10526315789473684;0.8947368421052632
5 Apr 2009 15:35:28 GMT;tdelille;2;7;0.2222222222222222;0.7777777777777778
5 Apr 2009 15:46:33 GMT;tdelille;4;10;0.2857142857142857;0.7142857142857143
5 Apr 2009 17:49:34 GMT;tdelille;5;6;0.45454545454545453;0.5454545454545454
5 Apr 2009 20:45:56 GMT;tdelille;2;2;0.5;0.5
5 Apr 2009 21:42:21 GMT;tdelille;2;2;0.5;0.5
6 Apr 2009 01:19:14 GMT;mwollenburger;1;11;0.08333333333333333;0.9166666666666666
6 Apr 2009 05:28:23 GMT;gachort;0;10;0.0;1.0
6 Apr 2009 06:12:59 GMT;mdanet;0;3;0.0;1.0
6 Apr 2009 06:31:15 GMT;tdelille;1;2;0.3333333333333333;0.6666666666666666
6 Apr 2009 06:52:26 GMT;tsoubrie;0;13;0.0;1.0
6 Apr 2009 10:37:24 GMT;gachort;0;2;0.0;1.0
6 Apr 2009 12:12:39 GMT;mgodwod;0;8;0.0;1.0
6 Apr 2009 13:50:39 GMT;jvasseur;1;13;0.07142857142857142;0.9285714285714286
6 Apr 2009 14:08:32 GMT;fdarriet;0;7;0.0;1.0
6 Apr 2009 14:33:31 GMT;mwollenburger;1;10;0.09090909090909091;0.9090909090909091
6 Apr 2009 15:22:46 GMT;cdejean;0;16;0.0;1.0
6 Apr 2009 20:27:41 GMT;fdarriet;0;3;0.0;1.0
6 Apr 2009 20:28:51 GMT;mdanet;2;15;0.11764705882352941;0.8823529411764706
7 Apr 2009 00:31:02 GMT;tsoubrie;0;9;0.0;1.0
7 Apr 2009 00:43:28 GMT;mwollenburger;3;18;0.14285714285714285;0.8571428571428571
7 Apr 2009 04:31:25 GMT;adebeuckelaere;0;1;0.0;1.0
7 Apr 2009 05:28:03 GMT;gachort;0;13;0.0;1.0
7 Apr 2009 06:59:00 GMT;adebeuckelaere;0;1;0.0;1.0
7 Apr 2009 08:05:44 GMT;tdelille;2;8;0.2;0.8
7 Apr 2009 08:22:22 GMT;tdelille;0;2;0.0;1.0
7 Apr 2009 10:30:34 GMT;shernu;2;2;0.5;0.5
7 Apr 2009 11:02:09 GMT;tdelille;2;9;0.18181818181818182;0.8181818181818182
7 Apr 2009 11:09:19 GMT;mwollenburger;0;2;0.0;1.0
7 Apr 2009 11:11:58 GMT;tsoubrie;0;5;0.0;1.0
7 Apr 2009 11:14:06 GMT;psalam;2;14;0.125;0.875
7 Apr 2009 11:55:54 GMT;adebeuckelaere;0;3;0.0;1.0
7 Apr 2009 12:00:00 GMT;adebeuckelaere;0;7;0.0;1.0
7 Apr 2009 12:35:15 GMT;tdelille;2;2;0.5;0.5
7 Apr 2009 12:39:52 GMT;mdanet;2;17;0.10526315789473684;0.8947368421052632
7 Apr 2009 12:53:47 GMT;cdejean;4;54;0.06896551724137931;0.9310344827586207
7 Apr 2009 13:18:11 GMT;gachort;0;14;0.0;1.0
7 Apr 2009 13:25:00 GMT;fdarriet;1;6;0.14285714285714285;0.8571428571428571
7 Apr 2009 13:30:23 GMT;mwollenburger;2;30;0.0625;0.9375
7 Apr 2009 14:12:29 GMT;tdelille;5;8;0.38461538461538464;0.6153846153846154
7 Apr 2009 14:50:49 GMT;gachort;0;5;0.0;1.0
7 Apr 2009 15:15:44 GMT;fdarriet;0;8;0.0;1.0
7 Apr 2009 15:58:08 GMT;gachort;0;1;0.0;1.0
7 Apr 2009 15:58:12 GMT;gachort;0;4;0.0;1.0
7 Apr 2009 16:06:56 GMT;tdelille;2;3;0.4;0.6
7 Apr 2009 16:48:31 GMT;mdanet;2;16;0.1111111111111111;0.8888888888888888
7 Apr 2009 17:40:30 GMT;fdarriet;1;7;0.125;0.875
7 Apr 2009 18:26:15 GMT;fdarriet;1;11;0.08333333333333333;0.9166666666666666
7 Apr 2009 19:54:57 GMT;tdelille;2;2;0.5;0.5
6 Apr 2009 22:26:40 GMT;tdelille;1;1;0.5;0.5
7 Apr 2009 23:47:30 GMT;gachort;2;22;0.08333333333333333;0.9166666666666666
8 Apr 2009 05:26:10 GMT;fdarriet;0;3;0.0;1.0
8 Apr 2009 05:43:49 GMT;gachort;1;5;0.16666666666666666;0.8333333333333334
8 Apr 2009 05:50:30 GMT;jvasseur;0;12;0.0;1.0
8 Apr 2009 09:27:39 GMT;mdanet;0;1;0.0;1.0
8 Apr 2009 09:28:31 GMT;tdelille;1;3;0.25;0.75
8 Apr 2009 10:32:52 GMT;tdelille;1;1;0.5;0.5
8 Apr 2009 10:55:20 GMT;mwollenburger;0;10;0.0;1.0
8 Apr 2009 11:20:24 GMT;fdarriet;3;94;0.030927835051546393;0.9690721649484536
8 Apr 2009 15:06:10 GMT;fdarriet;0;5;0.0;1.0
8 Apr 2009 15:12:31 GMT;gachort;0;1;0.0;1.0
8 Apr 2009 15:12:35 GMT;gachort;2;9;0.18181818181818182;0.8181818181818182
8 Apr 2009 15:46:56 GMT;tdelille;1;1;0.5;0.5
8 Apr 2009 17:11:58 GMT;gachort;2;3;0.4;0.6
8 Apr 2009 18:15:34 GMT;tdelille;0;2;0.0;1.0
8 Apr 2009 18:28:45 GMT;tdelille;2;2;0.5;0.5
8 Apr 2009 18:58:11 GMT;tdelille;1;1;0.5;0.5
8 Apr 2009 20:27:49 GMT;fdarriet;0;12;0.0;1.0
7 Apr 2009 22:32:25 GMT;mdanet;0;6;0.0;1.0
8 Apr 2009 23:58:30 GMT;gachort;1;4;0.2;0.8
9 Apr 2009 05:31:30 GMT;fdarriet;1;5;0.16666666666666666;0.8333333333333334
9 Apr 2009 07:25:14 GMT;mdanet;2;10;0.16666666666666666;0.8333333333333334
9 Apr 2009 09:11:35 GMT;ddaniaupotter;0;4;0.0;1.0
9 Apr 2009 09:26:55 GMT;fdarriet;1;5;0.16666666666666666;0.8333333333333334
9 Apr 2009 09:39:06 GMT;ddaniaupotter;3;55;0.05172413793103448;0.9482758620689655
9 Apr 2009 10:14:34 GMT;tsoubrie;2;6;0.25;0.75
9 Apr 2009 10:32:20 GMT;tdelille;0;14;0.0;1.0
9 Apr 2009 10:41:01 GMT;tdelille;5;25;0.16666666666666666;0.8333333333333334
9 Apr 2009 11:04:54 GMT;mdanet;0;6;0.0;1.0
9 Apr 2009 11:14:51 GMT;tdelille;2;4;0.3333333333333333;0.6666666666666666
9 Apr 2009 11:20:56 GMT;fdarriet;0;11;0.0;1.0
9 Apr 2009 11:40:05 GMT;fdarriet;1;2;0.3333333333333333;0.6666666666666666
9 Apr 2009 11:51:50 GMT;tdelille;5;10;0.3333333333333333;0.6666666666666666
9 Apr 2009 14:21:18 GMT;fdarriet;1;2;0.3333333333333333;0.6666666666666666
9 Apr 2009 15:01:14 GMT;mwollenburger;0;2;0.0;1.0
9 Apr 2009 15:03:19 GMT;fdarriet;1;10;0.09090909090909091;0.9090909090909091
9 Apr 2009 15:16:21 GMT;mdanet;1;13;0.07142857142857142;0.9285714285714286
9 Apr 2009 15:30:37 GMT;tdelille;4;5;0.4444444444444444;0.5555555555555556
9 Apr 2009 15:49:20 GMT;gachort;4;21;0.16;0.84
9 Apr 2009 18:01:43 GMT;tdelille;6;8;0.42857142857142855;0.5714285714285714
9 Apr 2009 19:33:40 GMT;tdelille;1;1;0.5;0.5
9 Apr 2009 20:30:50 GMT;fdarriet;0;0;0.0;0.0
10 Apr 2009 00:06:16 GMT;gachort;0;0;0.0;0.0
10 Apr 2009 01:03:26 GMT;mwollenburger;0;0;0.0;0.0
10 Apr 2009 01:42:42 GMT;mwollenburger;0;0;0.0;0.0
10 Apr 2009 07:19:20 GMT;mdanet;0;0;0.0;0.0
10 Apr 2009 07:26:46 GMT;mmay;0;0;0.0;0.0
10 Apr 2009 07:50:48 GMT;fdarriet;0;0;0.0;0.0
10 Apr 2009 10:27:39 GMT;mmay;0;0;0.0;0.0
10 Apr 2009 14:55:44 GMT;cdejean;0;0;0.0;0.0
10 Apr 2009 21:00:18 GMT;tdelille;0;0;0.0;0.0
11 Apr 2009 01:36:32 GMT;mmay;0;1;0.0;1.0
11 Apr 2009 01:56:51 GMT;mwollenburger;0;4;0.0;1.0
11 Apr 2009 02:12:17 GMT;ddaniaupotter;4;44;0.08333333333333333;0.9166666666666666
11 Apr 2009 06:09:16 GMT;psalam;0;1;0.0;1.0
11 Apr 2009 06:12:58 GMT;mdanet;1;11;0.08333333333333333;0.9166666666666666
11 Apr 2009 07:45:52 GMT;tdelille;1;6;0.14285714285714285;0.8571428571428571
11 Apr 2009 07:53:54 GMT;gachort;14;48;0.22580645161290322;0.7741935483870968
11 Apr 2009 09:11:11 GMT;gachort;2;13;0.13333333333333333;0.8666666666666667
11 Apr 2009 11:38:52 GMT;gachort;16;55;0.22535211267605634;0.7746478873239436
11 Apr 2009 15:20:32 GMT;tdelille;4;31;0.11428571428571428;0.8857142857142857
11 Apr 2009 15:36:32 GMT;cdejean;0;7;0.0;1.0
11 Apr 2009 15:39:11 GMT;tdelille;2;14;0.125;0.875
11 Apr 2009 15:45:01 GMT;gachort;0;1;0.0;1.0
11 Apr 2009 15:45:05 GMT;gachort;0;3;0.0;1.0
11 Apr 2009 15:46:10 GMT;fdarriet;2;8;0.2;0.8
11 Apr 2009 15:46:52 GMT;tdelille;5;33;0.13157894736842105;0.868421052631579
11 Apr 2009 16:08:14 GMT;tdelille;4;12;0.25;0.75
11 Apr 2009 16:13:22 GMT;tdelille;0;2;0.0;1.0
11 Apr 2009 16:15:27 GMT;tdelille;12;16;0.42857142857142855;0.5714285714285714
11 Apr 2009 16:50:41 GMT;gachort;0;10;0.0;1.0
11 Apr 2009 17:28:07 GMT;tdelille;4;8;0.3333333333333333;0.6666666666666666
11 Apr 2009 18:44:36 GMT;tdelille;0;23;0.0;1.0
11 Apr 2009 19:32:11 GMT;tdelille;1;2;0.3333333333333333;0.6666666666666666
11 Apr 2009 19:37:56 GMT;fdarriet;0;10;0.0;1.0
12 Apr 2009 01:01:27 GMT;mwollenburger;1;4;0.2;0.8
12 Apr 2009 01:49:49 GMT;ddaniaupotter;3;30;0.09090909090909091;0.9090909090909091
12 Apr 2009 02:49:41 GMT;gachort;6;26;0.1875;0.8125
12 Apr 2009 04:09:16 GMT;cevanen;0;0;0.0;0.0
12 Apr 2009 06:33:51 GMT;fdarriet;0;18;0.0;1.0
12 Apr 2009 08:57:07 GMT;gachort;0;1;0.0;1.0
12 Apr 2009 09:00:28 GMT;tdelille;24;74;0.24489795918367346;0.7551020408163265
12 Apr 2009 10:31:19 GMT;tdelille;2;9;0.18181818181818182;0.8181818181818182
12 Apr 2009 10:34:01 GMT;fdarriet;3;27;0.1;0.9
12 Apr 2009 11:55:30 GMT;mwollenburger;0;6;0.0;1.0
12 Apr 2009 12:15:48 GMT;fdarriet;1;4;0.2;0.8
12 Apr 2009 13:16:07 GMT;fdarriet;1;6;0.14285714285714285;0.8571428571428571
12 Apr 2009 21:10:08 GMT;mdanet;0;12;0.0;1.0
13 Apr 2009 01:59:01 GMT;ddaniaupotter;1;2;0.3333333333333333;0.6666666666666666
13 Apr 2009 03:11:16 GMT;gachort;0;2;0.0;1.0
13 Apr 2009 06:00:43 GMT;mdanet;0;3;0.0;1.0
13 Apr 2009 07:29:32 GMT;tdelille;0;2;0.0;1.0
13 Apr 2009 08:07:58 GMT;mwollenburger;1;3;0.25;0.75
13 Apr 2009 09:14:34 GMT;tdelille;3;5;0.375;0.625
13 Apr 2009 09:37:23 GMT;gachort;0;9;0.0;1.0
13 Apr 2009 10:36:20 GMT;fdarriet;3;2;0.6;0.4
13 Apr 2009 11:10:32 GMT;mdanet;3;12;0.2;0.8
13 Apr 2009 11:50:12 GMT;fdarriet;2;22;0.08333333333333333;0.9166666666666666
13 Apr 2009 14:28:29 GMT;fdarriet;4;20;0.16666666666666666;0.8333333333333334
13 Apr 2009 16:51:34 GMT;mdanet;1;12;0.07692307692307693;0.9230769230769231
13 Apr 2009 17:56:40 GMT;fdarriet;0;8;0.0;1.0
13 Apr 2009 19:07:32 GMT;fdarriet;1;1;0.5;0.5
13 Apr 2009 19:46:22 GMT;tdelille;0;25;0.0;1.0
13 Apr 2009 23:55:57 GMT;tdelille;1;1;0.5;0.5
14 Apr 2009 03:35:55 GMT;shernu;1;7;0.125;0.875
14 Apr 2009 05:34:55 GMT;gachort;0;2;0.0;1.0
14 Apr 2009 07:28:16 GMT;adebeuckelaere;0;5;0.0;1.0
14 Apr 2009 07:43:06 GMT;mdanet;2;16;0.1111111111111111;0.8888888888888888
14 Apr 2009 08:42:34 GMT;fdarriet;0;16;0.0;1.0
14 Apr 2009 09:07:57 GMT;cevanen;3;6;0.3333333333333333;0.6666666666666666
14 Apr 2009 12:18:12 GMT;adebeuckelaere;0;13;0.0;1.0
14 Apr 2009 12:37:39 GMT;psalam;0;4;0.0;1.0
14 Apr 2009 13:01:47 GMT;shernu;0;6;0.0;1.0
14 Apr 2009 13:48:56 GMT;gachort;1;4;0.2;0.8
14 Apr 2009 14:03:07 GMT;tdelille;4;21;0.16;0.84
14 Apr 2009 14:16:10 GMT;mwollenburger;1;6;0.14285714285714285;0.8571428571428571
14 Apr 2009 14:30:23 GMT;tdelille;3;16;0.15789473684210525;0.8421052631578947
14 Apr 2009 15:04:22 GMT;fdarriet;1;8;0.1111111111111111;0.8888888888888888
14 Apr 2009 15:22:16 GMT;gachort;2;7;0.2222222222222222;0.7777777777777778
14 Apr 2009 15:47:13 GMT;tdelille;0;6;0.0;1.0
14 Apr 2009 21:00:08 GMT;fdarriet;0;7;0.0;1.0
14 Apr 2009 21:27:34 GMT;mdanet;0;3;0.0;1.0
15 Apr 2009 01:49:40 GMT;mwollenburger;0;0;0.0;0.0
15 Apr 2009 01:49:41 GMT;adebeuckelaere;0;0;0.0;0.0
15 Apr 2009 05:30:34 GMT;adebeuckelaere;0;0;0.0;0.0
15 Apr 2009 07:48:07 GMT;mgodwod;0;0;0.0;0.0
15 Apr 2009 09:40:01 GMT;fdarriet;0;0;0.0;0.0
15 Apr 2009 14:09:14 GMT;fdarriet;0;4;0.0;1.0
15 Apr 2009 14:26:04 GMT;ddaniaupotter;2;15;0.11764705882352941;0.8823529411764706
15 Apr 2009 14:42:57 GMT;tdelille;1;8;0.1111111111111111;0.8888888888888888
15 Apr 2009 14:51:44 GMT;tdelille;3;18;0.14285714285714285;0.8571428571428571
15 Apr 2009 15:08:01 GMT;tdelille;6;14;0.3;0.7
15 Apr 2009 15:50:21 GMT;tdelille;0;4;0.0;1.0
15 Apr 2009 16:10:56 GMT;fdarriet;1;2;0.3333333333333333;0.6666666666666666
15 Apr 2009 16:53:27 GMT;mdanet;0;9;0.0;1.0
16 Apr 2009 06:22:10 GMT;mwollenburger;0;3;0.0;1.0
16 Apr 2009 07:07:28 GMT;mdanet;1;3;0.25;0.75
16 Apr 2009 08:17:04 GMT;fdarriet;0;6;0.0;1.0
16 Apr 2009 12:08:51 GMT;tdelille;0;1;0.0;1.0
16 Apr 2009 13:30:26 GMT;mwollenburger;0;15;0.0;1.0
16 Apr 2009 15:29:46 GMT;fdarriet;5;8;0.38461538461538464;0.6153846153846154
16 Apr 2009 17:22:31 GMT;gachort;0;11;0.0;1.0
16 Apr 2009 18:47:14 GMT;fdarriet;3;22;0.12;0.88
17 Apr 2009 05:34:33 GMT;fdarriet;0;4;0.0;1.0
17 Apr 2009 05:45:19 GMT;mdanet;0;8;0.0;1.0
17 Apr 2009 06:54:36 GMT;fdarriet;0;2;0.0;1.0
17 Apr 2009 08:18:00 GMT;mdanet;2;9;0.18181818181818182;0.8181818181818182
17 Apr 2009 10:12:19 GMT;mgodwod;0;36;0.0;1.0
17 Apr 2009 10:45:30 GMT;tdelille;0;36;0.0;1.0
17 Apr 2009 13:04:41 GMT;fdarriet;0;4;0.0;1.0
17 Apr 2009 13:07:48 GMT;mgodwod;5;45;0.1;0.9
17 Apr 2009 15:12:28 GMT;fdarriet;0;4;0.0;1.0
17 Apr 2009 16:36:21 GMT;mdanet;0;5;0.0;1.0
17 Apr 2009 16:46:04 GMT;fdarriet;1;3;0.25;0.75
17 Apr 2009 17:43:16 GMT;fdarriet;1;17;0.05555555555555555;0.9444444444444444
18 Apr 2009 04:37:23 GMT;mgodwod;1;8;0.1111111111111111;0.8888888888888888
18 Apr 2009 07:27:20 GMT;mdanet;0;4;0.0;1.0
18 Apr 2009 07:50:46 GMT;fdarriet;1;10;0.09090909090909091;0.9090909090909091
18 Apr 2009 08:19:02 GMT;gachort;2;17;0.10526315789473684;0.8947368421052632
18 Apr 2009 09:39:22 GMT;fdarriet;0;10;0.0;1.0
18 Apr 2009 12:46:38 GMT;tdelille;2;19;0.09523809523809523;0.9047619047619048
18 Apr 2009 17:35:04 GMT;fdarriet;0;8;0.0;1.0
18 Apr 2009 19:13:41 GMT;fdarriet;1;3;0.25;0.75
19 Apr 2009 04:26:31 GMT;psalam;0;7;0.0;1.0
19 Apr 2009 06:20:39 GMT;mgodwod;0;17;0.0;1.0
19 Apr 2009 08:22:35 GMT;fdarriet;1;3;0.25;0.75
19 Apr 2009 11:07:17 GMT;gachort;1;2;0.3333333333333333;0.6666666666666666
19 Apr 2009 11:11:29 GMT;tdelille;2;2;0.5;0.5
19 Apr 2009 11:23:40 GMT;mwollenburger;0;6;0.0;1.0
19 Apr 2009 12:19:07 GMT;gachort;0;2;0.0;1.0
19 Apr 2009 17:47:33 GMT;tdelille;0;13;0.0;1.0
19 Apr 2009 19:14:15 GMT;mdanet;1;23;0.041666666666666664;0.9583333333333334
20 Apr 2009 05:22:55 GMT;mdanet;1;3;0.25;0.75
20 Apr 2009 07:47:12 GMT;fdarriet;0;3;0.0;1.0
20 Apr 2009 07:55:50 GMT;mdanet;0;2;0.0;1.0
20 Apr 2009 08:31:06 GMT;cfroger;3;11;0.21428571428571427;0.7857142857142857
20 Apr 2009 10:31:26 GMT;cevanen;3;13;0.1875;0.8125
20 Apr 2009 12:39:22 GMT;mgodwod;0;10;0.0;1.0
20 Apr 2009 14:27:34 GMT;fdarriet;0;4;0.0;1.0
20 Apr 2009 14:31:32 GMT;mgodwod;4;11;0.26666666666666666;0.7333333333333333
20 Apr 2009 14:55:25 GMT;cdejean;4;94;0.04081632653061224;0.9591836734693877
20 Apr 2009 17:54:49 GMT;mdanet;0;14;0.0;1.0
20 Apr 2009 20:30:13 GMT;fdarriet;0;11;0.0;1.0
19 Apr 2009 22:45:12 GMT;jvasseur;0;1;0.0;1.0
21 Apr 2009 04:31:27 GMT;shernu;0;9;0.0;1.0
21 Apr 2009 05:53:06 GMT;mgodwod;0;6;0.0;1.0
21 Apr 2009 07:11:29 GMT;mdanet;0;7;0.0;1.0
21 Apr 2009 07:33:20 GMT;fdarriet;3;12;0.2;0.8
21 Apr 2009 11:42:38 GMT;mdanet;0;5;0.0;1.0
21 Apr 2009 11:43:32 GMT;mgodwod;0;7;0.0;1.0
21 Apr 2009 13:01:11 GMT;adebeuckelaere;0;4;0.0;1.0
21 Apr 2009 13:10:56 GMT;cevanen;0;3;0.0;1.0
21 Apr 2009 13:19:57 GMT;mgodwod;0;3;0.0;1.0
21 Apr 2009 14:12:55 GMT;psalam;0;1;0.0;1.0
21 Apr 2009 14:17:39 GMT;fdarriet;1;6;0.14285714285714285;0.8571428571428571
21 Apr 2009 15:08:28 GMT;cdejean;0;8;0.0;1.0
21 Apr 2009 15:30:01 GMT;cevanen;1;3;0.25;0.75
21 Apr 2009 16:21:00 GMT;tdelille;1;12;0.07692307692307693;0.9230769230769231
21 Apr 2009 20:38:24 GMT;fdarriet;1;8;0.1111111111111111;0.8888888888888888
22 Apr 2009 02:44:03 GMT;adebeuckelaere;0;6;0.0;1.0
22 Apr 2009 02:52:32 GMT;cevanen;1;7;0.125;0.875
22 Apr 2009 03:44:59 GMT;adebeuckelaere;0;2;0.0;1.0
22 Apr 2009 05:46:22 GMT;mdanet;0;4;0.0;1.0
22 Apr 2009 05:53:02 GMT;fdarriet;0;2;0.0;1.0
22 Apr 2009 06:21:42 GMT;fdarriet;1;3;0.25;0.75
22 Apr 2009 06:50:49 GMT;fdarriet;0;6;0.0;1.0
22 Apr 2009 07:43:33 GMT;mgodwod;4;13;0.23529411764705882;0.7647058823529411
22 Apr 2009 08:59:43 GMT;fdarriet;0;6;0.0;1.0
22 Apr 2009 10:06:40 GMT;fdarriet;3;20;0.13043478260869565;0.8695652173913043
22 Apr 2009 11:18:40 GMT;fdarriet;2;25;0.07407407407407407;0.9259259259259259
22 Apr 2009 14:27:00 GMT;fdarriet;0;6;0.0;1.0
22 Apr 2009 17:18:40 GMT;mdanet;1;3;0.25;0.75
22 Apr 2009 18:48:16 GMT;tdelille;0;11;0.0;1.0
22 Apr 2009 21:01:38 GMT;fdarriet;0;7;0.0;1.0
23 Apr 2009 05:38:32 GMT;fdarriet;0;4;0.0;1.0
23 Apr 2009 12:03:52 GMT;fdarriet;4;13;0.23529411764705882;0.7647058823529411
23 Apr 2009 13:40:41 GMT;fdarriet;0;5;0.0;1.0
23 Apr 2009 14:03:15 GMT;cdejean;0;28;0.0;1.0
23 Apr 2009 14:29:04 GMT;mmay;3;12;0.2;0.8
23 Apr 2009 15:54:09 GMT;mdanet;0;8;0.0;1.0
23 Apr 2009 16:40:46 GMT;fdarriet;0;7;0.0;1.0
23 Apr 2009 18:03:20 GMT;fdarriet;1;11;0.08333333333333333;0.9166666666666666
22 Apr 2009 22:29:49 GMT;fdarriet;0;4;0.0;1.0
24 Apr 2009 00:46:28 GMT;cdejean;1;4;0.2;0.8
24 Apr 2009 02:17:05 GMT;mmay;0;2;0.0;1.0
24 Apr 2009 02:22:16 GMT;admin;2;28;0.06666666666666667;0.9333333333333333
24 Apr 2009 05:08:35 GMT;mdanet;0;3;0.0;1.0
24 Apr 2009 05:13:15 GMT;fdarriet;2;21;0.08695652173913043;0.9130434782608695
24 Apr 2009 05:59:38 GMT;fdarriet;4;16;0.2;0.8
24 Apr 2009 09:14:37 GMT;mwollenburger;1;21;0.045454545454545456;0.9545454545454546
24 Apr 2009 13:17:41 GMT;mgodwod;0;13;0.0;1.0
24 Apr 2009 13:56:29 GMT;fdarriet;1;16;0.058823529411764705;0.9411764705882353
24 Apr 2009 14:04:54 GMT;mdanet;7;51;0.1206896551724138;0.8793103448275862
24 Apr 2009 15:42:34 GMT;cevanen;2;41;0.046511627906976744;0.9534883720930233
24 Apr 2009 16:35:34 GMT;fdarriet;5;28;0.15151515151515152;0.8484848484848485
24 Apr 2009 17:41:34 GMT;jvasseur;0;4;0.0;1.0
24 Apr 2009 20:12:21 GMT;fdarriet;0;8;0.0;1.0
24 Apr 2009 23:50:29 GMT;fdarriet;0;20;0.0;1.0
25 Apr 2009 05:28:19 GMT;fdarriet;1;9;0.1;0.9
25 Apr 2009 05:37:06 GMT;mgodwod;2;33;0.05714285714285714;0.9428571428571428
25 Apr 2009 06:46:52 GMT;mdanet;0;13;0.0;1.0
25 Apr 2009 08:19:59 GMT;fdarriet;4;17;0.19047619047619047;0.8095238095238095
25 Apr 2009 10:27:46 GMT;guest;0;0;0.0;0.0
25 Apr 2009 10:28:13 GMT;guest;0;0;0.0;0.0
25 Apr 2009 10:28:22 GMT;guest;0;0;0.0;0.0
25 Apr 2009 10:31:54 GMT;mgodwod;5;61;0.07575757575757576;0.9242424242424242
25 Apr 2009 13:01:37 GMT;mdanet;0;16;0.0;1.0
25 Apr 2009 13:42:02 GMT;fdarriet;2;12;0.14285714285714285;0.8571428571428571
25 Apr 2009 14:18:38 GMT;mmay;0;18;0.0;1.0
25 Apr 2009 15:32:48 GMT;fdarriet;3;20;0.13043478260869565;0.8695652173913043
25 Apr 2009 19:16:10 GMT;fdarriet;0;12;0.0;1.0
24 Apr 2009 22:03:14 GMT;fdarriet;2;9;0.18181818181818182;0.8181818181818182
25 Apr 2009 23:59:05 GMT;tdelille;0;30;0.0;1.0
26 Apr 2009 02:21:35 GMT;gachort;1;16;0.058823529411764705;0.9411764705882353
26 Apr 2009 03:10:29 GMT;mwollenburger;0;5;0.0;1.0
26 Apr 2009 04:32:37 GMT;mgodwod;3;27;0.1;0.9
26 Apr 2009 05:16:20 GMT;fdarriet;3;30;0.09090909090909091;0.9090909090909091
26 Apr 2009 05:57:28 GMT;fdarriet;2;23;0.08;0.92
26 Apr 2009 07:09:59 GMT;ddaniaupotter;0;13;0.0;1.0
26 Apr 2009 07:26:21 GMT;fdarriet;1;17;0.05555555555555555;0.9444444444444444
26 Apr 2009 07:32:58 GMT;fdarriet;1;42;0.023255813953488372;0.9767441860465116
26 Apr 2009 08:40:26 GMT;fdarriet;1;5;0.16666666666666666;0.8333333333333334
26 Apr 2009 08:45:55 GMT;jvasseur;5;49;0.09259259259259259;0.9074074074074074
26 Apr 2009 12:05:36 GMT;mgodwod;8;39;0.1702127659574468;0.8297872340425532
26 Apr 2009 12:59:35 GMT;mgodwod;2;26;0.07142857142857142;0.9285714285714286
26 Apr 2009 14:10:27 GMT;fdarriet;0;1;0.0;1.0
26 Apr 2009 14:10:37 GMT;mdanet;1;36;0.02702702702702703;0.972972972972973
26 Apr 2009 14:42:10 GMT;gachort;0;5;0.0;1.0
26 Apr 2009 14:53:18 GMT;tdelille;4;21;0.16;0.84
26 Apr 2009 15:54:54 GMT;fdarriet;2;18;0.1;0.9
26 Apr 2009 16:13:10 GMT;fdarriet;3;28;0.0967741935483871;0.9032258064516129
26 Apr 2009 20:07:30 GMT;tdelille;3;11;0.21428571428571427;0.7857142857142857
26 Apr 2009 20:45:21 GMT;fdarriet;2;17;0.10526315789473684;0.8947368421052632
25 Apr 2009 22:37:06 GMT;gachort;0;7;0.0;1.0
25 Apr 2009 22:49:24 GMT;tdelille;2;28;0.06666666666666667;0.9333333333333333
26 Apr 2009 23:06:38 GMT;tdelille;2;2;0.5;0.5
26 Apr 2009 23:51:24 GMT;tdelille;0;5;0.0;1.0
27 Apr 2009 00:42:07 GMT;mwollenburger;0;6;0.0;1.0
27 Apr 2009 02:06:26 GMT;tsoubrie;2;5;0.2857142857142857;0.7142857142857143
27 Apr 2009 03:14:16 GMT;mgodwod;0;24;0.0;1.0
27 Apr 2009 04:21:55 GMT;fdarriet;1;3;0.25;0.75
27 Apr 2009 05:09:47 GMT;ddaniaupotter;0;9;0.0;1.0
27 Apr 2009 05:59:44 GMT;gachort;2;6;0.25;0.75
27 Apr 2009 06:12:11 GMT;mdanet;0;17;0.0;1.0
27 Apr 2009 08:18:42 GMT;fdarriet;1;5;0.16666666666666666;0.8333333333333334
27 Apr 2009 08:44:11 GMT;mgodwod;0;9;0.0;1.0
27 Apr 2009 08:47:05 GMT;mdanet;0;2;0.0;1.0
27 Apr 2009 09:12:36 GMT;tdelille;4;14;0.2222222222222222;0.7777777777777778
27 Apr 2009 09:54:37 GMT;mgodwod;0;3;0.0;1.0
27 Apr 2009 09:56:28 GMT;gachort;1;4;0.2;0.8
27 Apr 2009 10:21:52 GMT;ddaniaupotter;0;3;0.0;1.0
27 Apr 2009 10:36:07 GMT;tdelille;3;11;0.21428571428571427;0.7857142857142857
27 Apr 2009 11:09:02 GMT;mgodwod;2;29;0.06451612903225806;0.9354838709677419
27 Apr 2009 12:13:39 GMT;mgodwod;0;4;0.0;1.0
27 Apr 2009 12:22:07 GMT;gachort;4;12;0.25;0.75
27 Apr 2009 13:19:15 GMT;mgodwod;1;13;0.07142857142857142;0.9285714285714286
27 Apr 2009 13:37:22 GMT;tdelille;0;13;0.0;1.0
27 Apr 2009 13:58:16 GMT;fdarriet;0;3;0.0;1.0
27 Apr 2009 13:59:12 GMT;mdanet;0;10;0.0;1.0
27 Apr 2009 14:14:23 GMT;tdelille;2;2;0.5;0.5
27 Apr 2009 14:15:33 GMT;mmay;3;9;0.25;0.75
27 Apr 2009 14:46:16 GMT;tdelille;0;1;0.0;1.0
27 Apr 2009 14:46:18 GMT;gachort;1;8;0.1111111111111111;0.8888888888888888
27 Apr 2009 15:35:58 GMT;fdarriet;1;22;0.043478260869565216;0.9565217391304348
27 Apr 2009 16:07:27 GMT;mdanet;2;20;0.09090909090909091;0.9090909090909091
27 Apr 2009 19:10:23 GMT;tdelille;2;11;0.15384615384615385;0.8461538461538461
27 Apr 2009 19:41:24 GMT;mdanet;1;2;0.3333333333333333;0.6666666666666666
27 Apr 2009 19:46:20 GMT;tdelille;1;18;0.05263157894736842;0.9473684210526315
27 Apr 2009 19:57:11 GMT;tdelille;4;11;0.26666666666666666;0.7333333333333333
27 Apr 2009 21:57:14 GMT;fdarriet;0;8;0.0;1.0
27 Apr 2009 23:02:50 GMT;tdelille;2;4;0.3333333333333333;0.6666666666666666
28 Apr 2009 01:29:28 GMT;ddaniaupotter;1;8;0.1111111111111111;0.8888888888888888
28 Apr 2009 02:44:49 GMT;mwollenburger;1;4;0.2;0.8
28 Apr 2009 05:02:48 GMT;fdarriet;0;2;0.0;1.0
28 Apr 2009 05:21:15 GMT;mgodwod;1;23;0.041666666666666664;0.9583333333333334
28 Apr 2009 05:48:17 GMT;gachort;0;6;0.0;1.0
28 Apr 2009 06:50:21 GMT;mdanet;0;4;0.0;1.0
28 Apr 2009 06:53:20 GMT;tdelille;0;2;0.0;1.0
28 Apr 2009 06:53:31 GMT;fdarriet;1;1;0.5;0.5
28 Apr 2009 07:08:43 GMT;tdelille;2;4;0.3333333333333333;0.6666666666666666
28 Apr 2009 07:30:09 GMT;cdejean;0;22;0.0;1.0
28 Apr 2009 08:07:44 GMT;fdarriet;1;14;0.06666666666666667;0.9333333333333333
28 Apr 2009 10:51:34 GMT;gachort;0;2;0.0;1.0
28 Apr 2009 11:09:11 GMT;mgodwod;3;12;0.2;0.8
28 Apr 2009 12:14:39 GMT;tdelille;0;9;0.0;1.0
28 Apr 2009 13:01:44 GMT;fdarriet;0;8;0.0;1.0
28 Apr 2009 13:17:19 GMT;gachort;3;10;0.23076923076923078;0.7692307692307693
28 Apr 2009 14:00:02 GMT;mmay;0;3;0.0;1.0
28 Apr 2009 14:01:51 GMT;cdejean;4;19;0.17391304347826086;0.8260869565217391
28 Apr 2009 14:41:12 GMT;gachort;8;46;0.14814814814814814;0.8518518518518519
28 Apr 2009 15:22:40 GMT;tsoubrie;1;5;0.16666666666666666;0.8333333333333334
28 Apr 2009 15:27:27 GMT;fdarriet;5;23;0.17857142857142858;0.8214285714285714
28 Apr 2009 16:13:14 GMT;fdarriet;1;7;0.125;0.875
28 Apr 2009 17:28:45 GMT;tdelille;1;25;0.038461538461538464;0.9615384615384616
28 Apr 2009 18:11:52 GMT;mdanet;1;5;0.16666666666666666;0.8333333333333334
28 Apr 2009 19:05:27 GMT;tdelille;2;3;0.4;0.6
28 Apr 2009 19:48:04 GMT;tdelille;2;12;0.14285714285714285;0.8571428571428571
28 Apr 2009 20:02:22 GMT;tdelille;2;5;0.2857142857142857;0.7142857142857143
28 Apr 2009 23:04:03 GMT;fdarriet;1;5;0.16666666666666666;0.8333333333333334
28 Apr 2009 23:37:42 GMT;ddaniaupotter;0;6;0.0;1.0
28 Apr 2009 23:56:32 GMT;gachort;2;9;0.18181818181818182;0.8181818181818182
29 Apr 2009 00:07:42 GMT;tdelille;1;3;0.25;0.75
29 Apr 2009 01:00:33 GMT;fdarriet;0;3;0.0;1.0
29 Apr 2009 04:58:43 GMT;mwollenburger;2;7;0.2222222222222222;0.7777777777777778
29 Apr 2009 05:41:46 GMT;gachort;0;2;0.0;1.0
29 Apr 2009 06:11:07 GMT;mdanet;0;5;0.0;1.0
29 Apr 2009 07:10:35 GMT;mdanet;0;3;0.0;1.0
29 Apr 2009 08:13:42 GMT;fdarriet;0;7;0.0;1.0
29 Apr 2009 09:11:12 GMT;fdarriet;1;2;0.3333333333333333;0.6666666666666666
29 Apr 2009 09:24:15 GMT;mdanet;0;2;0.0;1.0
29 Apr 2009 09:27:45 GMT;tdelille;1;2;0.3333333333333333;0.6666666666666666
29 Apr 2009 09:40:47 GMT;tdelille;0;12;0.0;1.0
29 Apr 2009 10:31:47 GMT;tdelille;0;4;0.0;1.0
29 Apr 2009 10:38:22 GMT;fdarriet;0;14;0.0;1.0
29 Apr 2009 11:56:36 GMT;ddaniaupotter;1;36;0.02702702702702703;0.972972972972973
29 Apr 2009 12:19:41 GMT;mgodwod;0;11;0.0;1.0
29 Apr 2009 12:38:50 GMT;mdanet;3;58;0.04918032786885246;0.9508196721311475
29 Apr 2009 14:00:35 GMT;fdarriet;3;25;0.10714285714285714;0.8928571428571429
29 Apr 2009 15:26:55 GMT;gachort;0;6;0.0;1.0
29 Apr 2009 15:40:09 GMT;fdarriet;0;12;0.0;1.0
29 Apr 2009 16:01:19 GMT;tdelille;1;1;0.5;0.5
29 Apr 2009 16:20:01 GMT;fdarriet;1;8;0.1111111111111111;0.8888888888888888
29 Apr 2009 16:58:35 GMT;mdanet;1;9;0.1;0.9
29 Apr 2009 19:42:52 GMT;mdanet;1;3;0.25;0.75
29 Apr 2009 23:36:42 GMT;ddaniaupotter;0;3;0.0;1.0
30 Apr 2009 00:00:57 GMT;fdarriet;0;3;0.0;1.0
30 Apr 2009 03:53:12 GMT;mgodwod;0;4;0.0;1.0
30 Apr 2009 04:13:19 GMT;mwollenburger;0;8;0.0;1.0
30 Apr 2009 07:16:06 GMT;fdarriet;1;40;0.024390243902439025;0.975609756097561
30 Apr 2009 08:56:11 GMT;mdanet;1;26;0.037037037037037035;0.9629629629629629
30 Apr 2009 10:00:13 GMT;jvasseur;1;3;0.25;0.75
30 Apr 2009 10:17:41 GMT;mdanet;1;7;0.125;0.875
30 Apr 2009 11:06:25 GMT;mgodwod;1;6;0.14285714285714285;0.8571428571428571
30 Apr 2009 12:03:31 GMT;mdanet;0;2;0.0;1.0
30 Apr 2009 12:29:09 GMT;fdarriet;1;12;0.07692307692307693;0.9230769230769231
30 Apr 2009 13:05:30 GMT;mgodwod;0;3;0.0;1.0
30 Apr 2009 13:16:54 GMT;mdanet;0;4;0.0;1.0
30 Apr 2009 16:57:21 GMT;fdarriet;0;1;0.0;1.0
1 May 2009 12:05:05 GMT;mgodwod;0;2;0.0;1.0
1 May 2009 14:06:03 GMT;cdejean;1;17;0.05555555555555555;0.9444444444444444
1 May 2009 16:18:42 GMT;mdanet;0;2;0.0;1.0
4 May 2009 15:29:58 GMT;tdelille;0;21;0.0;1.0
8 May 2009 15:07:43 GMT;tdelille;0;20;0.0;1.0
10 May 2009 04:38:49 GMT;mgodwod;0;0;0.0;0.0
10 May 2009 04:39:07 GMT;mgodwod;0;0;0.0;0.0
10 May 2009 04:39:17 GMT;mgodwod;0;0;0.0;0.0
10 May 2009 04:39:38 GMT;mgodwod;0;0;0.0;0.0
11 May 2009 08:20:04 GMT;mmay;0;0;0.0;0.0
11 May 2009 08:20:29 GMT;mmay;0;0;0.0;0.0
11 May 2009 15:21:53 GMT;mmay;0;0;0.0;0.0
10 May 2010 13:25:54 GMT;admin;0;3;0.0;1.0
